COMMAND     PID USER   FD      TYPE             DEVICE SIZE/OFF   NODE NAME
tuic-serv 11653 root  cwd       DIR                8,1     4096      2 /
tuic-serv 11653 root  rtd       DIR                8,1     4096      2 /
tuic-serv 11653 root  txt       REG                8,1  2120192    109 /usr/local/bin/tuic-server
tuic-serv 11653 root  mem       REG                8,1  2125328  28460 /usr/lib/x86_64-linux-gnu/libc.so.6
tuic-serv 11653 root  mem       REG                8,1   952616  28475 /usr/lib/x86_64-linux-gnu/libm.so.6
tuic-serv 11653 root  mem       REG                8,1   183024  25911 /usr/lib/x86_64-linux-gnu/libgcc_s.so.1
tuic-serv 11653 root  mem       REG                8,1   236616  28454 /usr/lib/x86_64-linux-gnu/ld-linux-x86-64.so.2
tuic-serv 11653 root    0r      CHR                1,3      0t0      5 /dev/null
tuic-serv 11653 root    1u     unix 0xffff89f4b9c20480      0t0 216910 type=STREAM (CONNECTED)
tuic-serv 11653 root    2u     unix 0xffff89f4b9c20480      0t0 216910 type=STREAM (CONNECTED)
tuic-serv 11653 root    3u  a_inode               0,16        0    116 [eventpoll:656,658,668,669,681,719,745,746,753,754,767,769,772,785,787,790,808,848,849,887,946,980,982,999,1029,1043,1088,1248,1307,1346,1392,1427...]
tuic-serv 11653 root    4u  a_inode               0,16        0    116 [eventfd:1]
tuic-serv 11653 root    5u  a_inode               0,16        0    116 [eventpoll:656,658,668,669,681,719,745,746,753,754,767,769,772,785,787,790,808,848,849,887,946,980,982,999,1029,1043,1088,1248,1307,1346,1392,1427...]
tuic-serv 11653 root    6u     IPv6             216915      0t0    UDP *:12443 
tuic-serv 11653 root    7u     IPv4             232824      0t0    TCP jp-n01.internal.cloudapp.net:51500->a23-32-13-159.deploy.static.akamaitechnologies.com:https (ESTABLISHED)
tuic-serv 11653 root    8u     IPv4             219762      0t0    TCP jp-n01.internal.cloudapp.net:59886->a23-32-13-159.deploy.static.akamaitechnologies.com:https (ESTABLISHED)
tuic-serv 11653 root    9u     IPv4             219902      0t0    TCP jp-n01.internal.cloudapp.net:56396->a23-32-13-159.deploy.static.akamaitechnologies.com:https (ESTABLISHED)
tuic-serv 11653 root   10u     IPv4             223968      0t0    TCP jp-n01.internal.cloudapp.net:52802->a23-32-13-159.deploy.static.akamaitechnologies.com:https (ESTABLISHED)
tuic-serv 11653 root   11u     IPv4             263040      0t0    TCP jp-n01.internal.cloudapp.net:34974->a104-71-141-50.deploy.static.akamaitechnologies.com:https (ESTABLISHED)
tuic-serv 11653 root   12u     IPv4             218360      0t0    TCP jp-n01.internal.cloudapp.net:60330->a23-32-13-159.deploy.static.akamaitechnologies.com:https (ESTABLISHED)
tuic-serv 11653 root   13u     IPv4             233121      0t0    TCP jp-n01.internal.cloudapp.net:52452->a23-32-13-159.deploy.static.akamaitechnologies.com:https (ESTABLISHED)
tuic-serv 11653 root   14u     IPv4             218572      0t0    TCP jp-n01.internal.cloudapp.net:47474->a23-32-13-159.deploy.static.akamaitechnologies.com:https (ESTABLISHED)
tuic-serv 11653 root   15u     IPv4             231035      0t0    TCP jp-n01.internal.cloudapp.net:46610->a23-47-146-16.deploy.static.akamaitechnologies.com:https (ESTABLISHED)
tuic-serv 11653 root   16u     IPv4             241501      0t0    TCP jp-n01.internal.cloudapp.net:43660->a104-71-141-50.deploy.static.akamaitechnologies.com:https (ESTABLISHED)
tuic-serv 11653 root   17u     IPv4             235036      0t0    TCP jp-n01.internal.cloudapp.net:48740->a23-32-13-159.deploy.static.akamaitechnologies.com:https (ESTABLISHED)
tuic-serv 11653 root   18u     IPv4             217990      0t0    TCP jp-n01.internal.cloudapp.net:51092->a23-32-13-159.deploy.static.akamaitechnologies.com:https (ESTABLISHED)
tuic-serv 11653 root   19u     IPv4             238152      0t0    TCP jp-n01.internal.cloudapp.net:47814->a23-32-13-159.deploy.static.akamaitechnologies.com:https (ESTABLISHED)
tuic-serv 11653 root   20u     IPv4             238626      0t0    TCP jp-n01.internal.cloudapp.net:50252->a23-32-13-159.deploy.static.akamaitechnologies.com:https (ESTABLISHED)
tuic-serv 11653 root   21u     IPv4             220521      0t0    TCP jp-n01.internal.cloudapp.net:49478->a23-32-13-159.deploy.static.akamaitechnologies.com:https (ESTABLISHED)
tuic-serv 11653 root   22u     IPv4             250650      0t0    TCP jp-n01.internal.cloudapp.net:37064->a23-32-13-159.deploy.static.akamaitechnologies.com:https (ESTABLISHED)
tuic-serv 11653 root   23u     IPv4             220237      0t0    TCP jp-n01.internal.cloudapp.net:37698->a23-32-13-159.deploy.static.akamaitechnologies.com:https (ESTABLISHED)
tuic-serv 11653 root   24u     IPv4             217528      0t0    TCP jp-n01.internal.cloudapp.net:44012->a184-27-18-44.deploy.static.akamaitechnologies.com:https (ESTABLISHED)
tuic-serv 11653 root   25u     IPv4             219860      0t0    TCP jp-n01.internal.cloudapp.net:55970->a23-32-13-159.deploy.static.akamaitechnologies.com:https (ESTABLISHED)
tuic-serv 11653 root   26u     IPv4             222930      0t0    TCP jp-n01.internal.cloudapp.net:41080->a23-32-13-159.deploy.static.akamaitechnologies.com:https (ESTABLISHED)
tuic-serv 11653 root   27u     IPv4             219966      0t0    TCP jp-n01.internal.cloudapp.net:52478->a23-32-13-159.deploy.static.akamaitechnologies.com:https (ESTABLISHED)
tuic-serv 11653 root   28u     IPv4             217791      0t0    TCP jp-n01.internal.cloudapp.net:57396->a104-71-141-50.deploy.static.akamaitechnologies.com:https (ESTABLISHED)
tuic-serv 11653 root   29u     IPv4             219980      0t0    TCP jp-n01.internal.cloudapp.net:37526->a23-32-13-159.deploy.static.akamaitechnologies.com:https (ESTABLISHED)
tuic-serv 11653 root   30u     IPv4             223673      0t0    TCP jp-n01.internal.cloudapp.net:55622->a23-32-13-159.deploy.static.akamaitechnologies.com:https (ESTABLISHED)
tuic-serv 11653 root   31u     IPv4             221795      0t0    TCP jp-n01.internal.cloudapp.net:41652->a23-32-13-159.deploy.static.akamaitechnologies.com:https (ESTABLISHED)
tuic-serv 11653 root   32u     IPv4             219527      0t0    TCP jp-n01.internal.cloudapp.net:56304->a23-32-13-159.deploy.static.akamaitechnologies.com:https (ESTABLISHED)
tuic-serv 11653 root   33u     IPv4             225115      0t0    TCP jp-n01.internal.cloudapp.net:50738->a23-32-13-159.deploy.static.akamaitechnologies.com:https (ESTABLISHED)
tuic-serv 11653 root   34u     IPv4             226417      0t0    TCP jp-n01.internal.cloudapp.net:56160->a23-32-13-159.deploy.static.akamaitechnologies.com:https (ESTABLISHED)
tuic-serv 11653 root   35u     IPv4             224153      0t0    TCP jp-n01.internal.cloudapp.net:51848->a23-32-13-159.deploy.static.akamaitechnologies.com:https (ESTABLISHED)
tuic-serv 11653 root   36u     IPv4             224194      0t0    TCP jp-n01.internal.cloudapp.net:52516->a23-32-13-159.deploy.static.akamaitechnologies.com:https (ESTABLISHED)
tuic-serv 11653 root   37u     IPv4             220593      0t0    TCP jp-n01.internal.cloudapp.net:59896->a23-32-13-159.deploy.static.akamaitechnologies.com:https (ESTABLISHED)
tuic-serv 11653 root   38u     IPv4             223289      0t0    TCP jp-n01.internal.cloudapp.net:44426->a23-32-13-159.deploy.static.akamaitechnologies.com:https (ESTABLISHED)
tuic-serv 11653 root   39u     IPv4             224575      0t0    TCP jp-n01.internal.cloudapp.net:59484->a23-32-13-159.deploy.static.akamaitechnologies.com:https (ESTABLISHED)
tuic-serv 11653 root   40u     IPv4             224619      0t0    TCP jp-n01.internal.cloudapp.net:42856->a23-32-13-159.deploy.static.akamaitechnologies.com:https (ESTABLISHED)
tuic-serv 11653 root   41u     IPv4             223840      0t0    TCP jp-n01.internal.cloudapp.net:40166->a23-32-13-159.deploy.static.akamaitechnologies.com:https (ESTABLISHED)
tuic-serv 11653 root   42u     IPv4             220606      0t0    TCP jp-n01.internal.cloudapp.net:45502->a23-32-13-159.deploy.static.akamaitechnologies.com:https (ESTABLISHED)
tuic-serv 11653 root   43u     IPv4             223869      0t0    TCP jp-n01.internal.cloudapp.net:53308->a23-32-13-159.deploy.static.akamaitechnologies.com:https (ESTABLISHED)
tuic-serv 11653 root   44u     IPv4             223917      0t0    TCP jp-n01.internal.cloudapp.net:57474->a23-32-13-159.deploy.static.akamaitechnologies.com:https (ESTABLISHED)
tuic-serv 11653 root   45u     IPv4             224244      0t0    TCP jp-n01.internal.cloudapp.net:42964->a23-32-13-159.deploy.static.akamaitechnologies.com:https (ESTABLISHED)
tuic-serv 11653 root   46u     IPv4             224341      0t0    TCP jp-n01.internal.cloudapp.net:43034->a23-32-13-159.deploy.static.akamaitechnologies.com:https (ESTABLISHED)
tuic-serv 11653 root   47u     IPv4             223653      0t0    TCP jp-n01.internal.cloudapp.net:57934->a23-32-13-159.deploy.static.akamaitechnologies.com:https (ESTABLISHED)
tuic-serv 11653 root   48u     IPv4             224705      0t0    TCP jp-n01.internal.cloudapp.net:40224->a23-32-13-159.deploy.static.akamaitechnologies.com:https (ESTABLISHED)
tuic-serv 11653 root   49u     IPv4             224771      0t0    TCP jp-n01.internal.cloudapp.net:40238->a23-32-13-159.deploy.static.akamaitechnologies.com:https (ESTABLISHED)
tuic-serv 11653 root   50u     IPv4             227497      0t0    TCP jp-n01.internal.cloudapp.net:52758->a23-47-146-16.deploy.static.akamaitechnologies.com:https (ESTABLISHED)
tuic-serv 11653 root   51u     IPv4             224839      0t0    TCP jp-n01.internal.cloudapp.net:42790->a23-32-13-159.deploy.static.akamaitechnologies.com:https (ESTABLISHED)
tuic-serv 11653 root   52u     IPv4             226456      0t0    TCP jp-n01.internal.cloudapp.net:46474->a23-32-13-159.deploy.static.akamaitechnologies.com:https (ESTABLISHED)
tuic-serv 11653 root   53u     IPv4             227876      0t0    TCP jp-n01.internal.cloudapp.net:48288->a23-32-13-159.deploy.static.akamaitechnologies.com:https (ESTABLISHED)
tuic-serv 11653 root   54u     IPv4             225078      0t0    TCP jp-n01.internal.cloudapp.net:42654->a23-32-13-159.deploy.static.akamaitechnologies.com:https (ESTABLISHED)
tuic-serv 11653 root   55u     IPv4             226050      0t0    TCP jp-n01.internal.cloudapp.net:50548->a23-32-13-159.deploy.static.akamaitechnologies.com:https (ESTABLISHED)
tuic-serv 11653 root   56u     IPv4             225137      0t0    TCP jp-n01.internal.cloudapp.net:58480->a23-32-13-159.deploy.static.akamaitechnologies.com:https (ESTABLISHED)
tuic-serv 11653 root   57u     IPv4             225242      0t0    TCP jp-n01.internal.cloudapp.net:53994->a23-32-13-159.deploy.static.akamaitechnologies.com:https (ESTABLISHED)
tuic-serv 11653 root   58u     IPv4             225261      0t0    TCP jp-n01.internal.cloudapp.net:35636->a23-32-13-159.deploy.static.akamaitechnologies.com:https (ESTABLISHED)
tuic-serv 11653 root   59u     IPv4             226791      0t0    TCP jp-n01.internal.cloudapp.net:45230->a23-32-13-159.deploy.static.akamaitechnologies.com:https (ESTABLISHED)
tuic-serv 11653 root   60u     IPv4             229756      0t0    TCP jp-n01.internal.cloudapp.net:35532->a23-32-13-159.deploy.static.akamaitechnologies.com:https (ESTABLISHED)
tuic-serv 11653 root   61u     IPv4             225332      0t0    TCP jp-n01.internal.cloudapp.net:57864->a23-32-13-159.deploy.static.akamaitechnologies.com:https (ESTABLISHED)
tuic-serv 11653 root   62u     IPv4             227687      0t0    TCP jp-n01.internal.cloudapp.net:37170->a23-47-146-16.deploy.static.akamaitechnologies.com:https (ESTABLISHED)
tuic-serv 11653 root   63u     IPv4             225645      0t0    TCP jp-n01.internal.cloudapp.net:45558->a23-32-13-159.deploy.static.akamaitechnologies.com:https (ESTABLISHED)
tuic-serv 11653 root   64u     IPv4             225689      0t0    TCP jp-n01.internal.cloudapp.net:44718->a23-32-13-159.deploy.static.akamaitechnologies.com:https (ESTABLISHED)
tuic-serv 11653 root   65u     IPv4             228906      0t0    TCP jp-n01.internal.cloudapp.net:54666->a23-32-13-159.deploy.static.akamaitechnologies.com:https (ESTABLISHED)
tuic-serv 11653 root   66u     IPv4             239388      0t0    TCP jp-n01.internal.cloudapp.net:56748->a104-71-141-50.deploy.static.akamaitechnologies.com:https (ESTABLISHED)
tuic-serv 11653 root   67u     IPv4             235754      0t0    TCP jp-n01.internal.cloudapp.net:33414->a23-32-13-159.deploy.static.akamaitechnologies.com:https (ESTABLISHED)
tuic-serv 11653 root   68u     IPv4             233803      0t0    TCP jp-n01.internal.cloudapp.net:33968->a23-32-13-159.deploy.static.akamaitechnologies.com:https (ESTABLISHED)
tuic-serv 11653 root   69u     IPv4             230747      0t0    TCP jp-n01.internal.cloudapp.net:34208->a23-32-13-159.deploy.static.akamaitechnologies.com:https (ESTABLISHED)
tuic-serv 11653 root   70u     IPv4             227829      0t0    TCP jp-n01.internal.cloudapp.net:57984->a23-32-13-159.deploy.static.akamaitechnologies.com:https (ESTABLISHED)
tuic-serv 11653 root   71u     IPv4             227034      0t0    TCP jp-n01.internal.cloudapp.net:50408->a23-32-13-159.deploy.static.akamaitechnologies.com:https (ESTABLISHED)
tuic-serv 11653 root   72u     IPv4             227721      0t0    TCP jp-n01.internal.cloudapp.net:40312->a23-47-146-16.deploy.static.akamaitechnologies.com:https (ESTABLISHED)
tuic-serv 11653 root   73u     IPv4             229825      0t0    TCP jp-n01.internal.cloudapp.net:36116->a23-32-13-159.deploy.static.akamaitechnologies.com:https (ESTABLISHED)
tuic-serv 11653 root   74u     IPv4             228557      0t0    TCP jp-n01.internal.cloudapp.net:33142->a23-32-13-159.deploy.static.akamaitechnologies.com:https (ESTABLISHED)
tuic-serv 11653 root   75u     IPv4             228675      0t0    TCP jp-n01.internal.cloudapp.net:40816->a23-32-13-159.deploy.static.akamaitechnologies.com:https (ESTABLISHED)
tuic-serv 11653 root   76u     IPv4             228955      0t0    TCP jp-n01.internal.cloudapp.net:56540->a23-32-13-159.deploy.static.akamaitechnologies.com:https (ESTABLISHED)
tuic-serv 11653 root   77u     IPv4             230353      0t0    TCP jp-n01.internal.cloudapp.net:46754->a23-32-13-159.deploy.static.akamaitechnologies.com:https (ESTABLISHED)
tuic-serv 11653 root   78u     IPv4             230030      0t0    TCP jp-n01.internal.cloudapp.net:55264->a23-32-13-159.deploy.static.akamaitechnologies.com:https (ESTABLISHED)
tuic-serv 11653 root   79u     IPv4             229516      0t0    TCP jp-n01.internal.cloudapp.net:51358->a23-32-13-159.deploy.static.akamaitechnologies.com:https (ESTABLISHED)
tuic-serv 11653 root   80u     IPv4             237415      0t0    TCP jp-n01.internal.cloudapp.net:42976->a23-32-13-159.deploy.static.akamaitechnologies.com:https (ESTABLISHED)
tuic-serv 11653 root   81u     IPv4             230098      0t0    TCP jp-n01.internal.cloudapp.net:60744->a23-32-13-159.deploy.static.akamaitechnologies.com:https (ESTABLISHED)
tuic-serv 11653 root   82u     IPv4             231662      0t0    TCP jp-n01.internal.cloudapp.net:56490->a23-47-146-16.deploy.static.akamaitechnologies.com:https (ESTABLISHED)
tuic-serv 11653 root   83u     IPv4             232030      0t0    TCP jp-n01.internal.cloudapp.net:47468->a23-47-146-16.deploy.static.akamaitechnologies.com:https (ESTABLISHED)
tuic-serv 11653 root   84u     IPv4             230373      0t0    TCP jp-n01.internal.cloudapp.net:44484->a23-32-13-159.deploy.static.akamaitechnologies.com:https (ESTABLISHED)
tuic-serv 11653 root   85u     IPv4             241789      0t0    TCP jp-n01.internal.cloudapp.net:56664->a104-71-141-50.deploy.static.akamaitechnologies.com:https (ESTABLISHED)
tuic-serv 11653 root   86u     IPv4             231618      0t0    TCP jp-n01.internal.cloudapp.net:52666->a23-47-146-16.deploy.static.akamaitechnologies.com:https (ESTABLISHED)
tuic-serv 11653 root   87u     IPv4             230452      0t0    TCP jp-n01.internal.cloudapp.net:56468->a23-32-13-159.deploy.static.akamaitechnologies.com:https (ESTABLISHED)
tuic-serv 11653 root   88u     IPv4             230484      0t0    TCP jp-n01.internal.cloudapp.net:48502->a23-32-13-159.deploy.static.akamaitechnologies.com:https (ESTABLISHED)
tuic-serv 11653 root   89u     IPv4             231727      0t0    TCP jp-n01.internal.cloudapp.net:58082->a23-47-146-16.deploy.static.akamaitechnologies.com:https (ESTABLISHED)
tuic-serv 11653 root   90u     IPv4             232037      0t0    TCP jp-n01.internal.cloudapp.net:51874->a23-47-146-16.deploy.static.akamaitechnologies.com:https (ESTABLISHED)
tuic-serv 11653 root   91u     IPv4             239486      0t0    TCP jp-n01.internal.cloudapp.net:36642->a104-71-141-50.deploy.static.akamaitechnologies.com:https (ESTABLISHED)
tuic-serv 11653 root   92u     IPv4             232217      0t0    TCP jp-n01.internal.cloudapp.net:58974->a23-47-146-16.deploy.static.akamaitechnologies.com:https (ESTABLISHED)
tuic-serv 11653 root   93u     IPv4             232348      0t0    TCP jp-n01.internal.cloudapp.net:50752->a23-47-146-16.deploy.static.akamaitechnologies.com:https (ESTABLISHED)
tuic-serv 11653 root   94u     IPv4             234022      0t0    TCP jp-n01.internal.cloudapp.net:45888->a23-32-13-159.deploy.static.akamaitechnologies.com:https (ESTABLISHED)
tuic-serv 11653 root   95u     IPv4             232919      0t0    TCP jp-n01.internal.cloudapp.net:43860->a23-32-13-159.deploy.static.akamaitechnologies.com:https (ESTABLISHED)
tuic-serv 11653 root   96u     IPv4             236165      0t0    TCP jp-n01.internal.cloudapp.net:56818->a23-32-13-159.deploy.static.akamaitechnologies.com:https (ESTABLISHED)
tuic-serv 11653 root   97u     IPv4             233761      0t0    TCP jp-n01.internal.cloudapp.net:38448->a23-32-13-159.deploy.static.akamaitechnologies.com:https (ESTABLISHED)
tuic-serv 11653 root   98u     IPv4             240016      0t0    TCP jp-n01.internal.cloudapp.net:35652->a104-71-141-50.deploy.static.akamaitechnologies.com:https (ESTABLISHED)
tuic-serv 11653 root   99u     IPv4             265113      0t0    TCP jp-n01.internal.cloudapp.net:50138->a104-71-141-50.deploy.static.akamaitechnologies.com:https (ESTABLISHED)
tuic-serv 11653 root  100u     IPv4             234334      0t0    TCP jp-n01.internal.cloudapp.net:44544->a23-32-13-159.deploy.static.akamaitechnologies.com:https (ESTABLISHED)
tuic-serv 11653 root  101u     IPv4             233211      0t0    TCP jp-n01.internal.cloudapp.net:43086->a23-32-13-159.deploy.static.akamaitechnologies.com:https (ESTABLISHED)
tuic-serv 11653 root  102u     IPv4             233288      0t0    TCP jp-n01.internal.cloudapp.net:44906->a23-32-13-159.deploy.static.akamaitechnologies.com:https (ESTABLISHED)
tuic-serv 11653 root  103u     IPv4             236177      0t0    TCP jp-n01.internal.cloudapp.net:39834->a23-32-13-159.deploy.static.akamaitechnologies.com:https (ESTABLISHED)
tuic-serv 11653 root  104u     IPv4             233477      0t0    TCP jp-n01.internal.cloudapp.net:47476->a23-32-13-159.deploy.static.akamaitechnologies.com:https (ESTABLISHED)
tuic-serv 11653 root  105u     IPv4             233432      0t0    TCP jp-n01.internal.cloudapp.net:35094->a23-32-13-159.deploy.static.akamaitechnologies.com:https (ESTABLISHED)
tuic-serv 11653 root  106u     IPv4             233505      0t0    TCP jp-n01.internal.cloudapp.net:52878->a23-32-13-159.deploy.static.akamaitechnologies.com:https (ESTABLISHED)
tuic-serv 11653 root  107u     IPv4             242759      0t0    TCP jp-n01.internal.cloudapp.net:47918->a104-71-141-50.deploy.static.akamaitechnologies.com:https (ESTABLISHED)
tuic-serv 11653 root  108u     IPv4             236403      0t0    TCP jp-n01.internal.cloudapp.net:36128->a23-32-13-159.deploy.static.akamaitechnologies.com:https (ESTABLISHED)
tuic-serv 11653 root  109u     IPv4             235617      0t0    TCP jp-n01.internal.cloudapp.net:48144->a23-32-13-159.deploy.static.akamaitechnologies.com:https (ESTABLISHED)
tuic-serv 11653 root  110u     IPv4             235392      0t0    TCP jp-n01.internal.cloudapp.net:38224->a23-32-13-159.deploy.static.akamaitechnologies.com:https (ESTABLISHED)
tuic-serv 11653 root  111u     IPv4             236231      0t0    TCP jp-n01.internal.cloudapp.net:59546->a23-32-13-159.deploy.static.akamaitechnologies.com:https (ESTABLISHED)
tuic-serv 11653 root  112u     IPv4             234652      0t0    TCP jp-n01.internal.cloudapp.net:47178->a23-32-13-159.deploy.static.akamaitechnologies.com:https (ESTABLISHED)
tuic-serv 11653 root  113u     IPv4             235789      0t0    TCP jp-n01.internal.cloudapp.net:36542->a23-32-13-159.deploy.static.akamaitechnologies.com:https (ESTABLISHED)
tuic-serv 11653 root  114u     IPv4             238469      0t0    TCP jp-n01.internal.cloudapp.net:42196->a23-32-13-159.deploy.static.akamaitechnologies.com:https (ESTABLISHED)
tuic-serv 11653 root  115u     IPv4             234897      0t0    TCP jp-n01.internal.cloudapp.net:43486->a23-32-13-159.deploy.static.akamaitechnologies.com:https (ESTABLISHED)
tuic-serv 11653 root  116u     IPv4             236446      0t0    TCP jp-n01.internal.cloudapp.net:50856->a23-32-13-159.deploy.static.akamaitechnologies.com:https (ESTABLISHED)
tuic-serv 11653 root  117u     IPv4             290089      0t0    TCP jp-n01.internal.cloudapp.net:49816->a23-32-13-159.deploy.static.akamaitechnologies.com:https (ESTABLISHED)
tuic-serv 11653 root  118u     IPv4             236772      0t0    TCP jp-n01.internal.cloudapp.net:52606->a23-32-13-159.deploy.static.akamaitechnologies.com:https (ESTABLISHED)
tuic-serv 11653 root  119u     IPv4             238003      0t0    TCP jp-n01.internal.cloudapp.net:58694->a23-32-13-159.deploy.static.akamaitechnologies.com:https (ESTABLISHED)
tuic-serv 11653 root  120u     IPv4             236883      0t0    TCP jp-n01.internal.cloudapp.net:32818->a23-32-13-159.deploy.static.akamaitechnologies.com:https (ESTABLISHED)
tuic-serv 11653 root  121u     IPv4             238965      0t0    TCP jp-n01.internal.cloudapp.net:40286->a23-32-13-159.deploy.static.akamaitechnologies.com:https (ESTABLISHED)
tuic-serv 11653 root  122u     IPv4             237759      0t0    TCP jp-n01.internal.cloudapp.net:57832->a23-32-13-159.deploy.static.akamaitechnologies.com:https (ESTABLISHED)
tuic-serv 11653 root  123u     IPv4             236937      0t0    TCP jp-n01.internal.cloudapp.net:58062->a23-32-13-159.deploy.static.akamaitechnologies.com:https (ESTABLISHED)
tuic-serv 11653 root  124u     IPv4             255500      0t0    TCP jp-n01.internal.cloudapp.net:42408->a104-71-141-50.deploy.static.akamaitechnologies.com:https (ESTABLISHED)
tuic-serv 11653 root  125u     IPv4             237634      0t0    TCP jp-n01.internal.cloudapp.net:39854->a23-32-13-159.deploy.static.akamaitechnologies.com:https (ESTABLISHED)
tuic-serv 11653 root  126u     IPv4             237184      0t0    TCP jp-n01.internal.cloudapp.net:42604->a23-32-13-159.deploy.static.akamaitechnologies.com:https (ESTABLISHED)
tuic-serv 11653 root  127u     IPv4             237267      0t0    TCP jp-n01.internal.cloudapp.net:46762->a23-32-13-159.deploy.static.akamaitechnologies.com:https (ESTABLISHED)
tuic-serv 11653 root  128u     IPv4             246211      0t0    TCP jp-n01.internal.cloudapp.net:49262->a104-71-141-50.deploy.static.akamaitechnologies.com:https (ESTABLISHED)
tuic-serv 11653 root  129u     IPv4             238074      0t0    TCP jp-n01.internal.cloudapp.net:49734->a23-32-13-159.deploy.static.akamaitechnologies.com:https (ESTABLISHED)
tuic-serv 11653 root  130u     IPv4             237404      0t0    TCP jp-n01.internal.cloudapp.net:53768->a23-32-13-159.deploy.static.akamaitechnologies.com:https (ESTABLISHED)
tuic-serv 11653 root  131u     IPv4             310773      0t0    TCP jp-n01.internal.cloudapp.net:53298->a23-47-146-16.deploy.static.akamaitechnologies.com:https (ESTABLISHED)
tuic-serv 11653 root  132u     IPv4             261960      0t0    TCP jp-n01.internal.cloudapp.net:43326->a104-71-141-50.deploy.static.akamaitechnologies.com:https (ESTABLISHED)
tuic-serv 11653 root  133u     IPv4             238738      0t0    TCP jp-n01.internal.cloudapp.net:60010->a23-32-13-159.deploy.static.akamaitechnologies.com:https (ESTABLISHED)
tuic-serv 11653 root  134u     IPv4             240093      0t0    TCP jp-n01.internal.cloudapp.net:54816->a104-71-141-50.deploy.static.akamaitechnologies.com:https (ESTABLISHED)
tuic-serv 11653 root  135u     IPv4             243144      0t0    TCP jp-n01.internal.cloudapp.net:40904->a104-71-141-50.deploy.static.akamaitechnologies.com:https (ESTABLISHED)
tuic-serv 11653 root  136u     IPv4             239024      0t0    TCP jp-n01.internal.cloudapp.net:54032->a104-71-141-50.deploy.static.akamaitechnologies.com:https (ESTABLISHED)
tuic-serv 11653 root  137u     IPv4             239062      0t0    TCP jp-n01.internal.cloudapp.net:53440->a104-71-141-50.deploy.static.akamaitechnologies.com:https (ESTABLISHED)
tuic-serv 11653 root  138u     IPv4             250481      0t0    TCP jp-n01.internal.cloudapp.net:49124->a23-32-13-159.deploy.static.akamaitechnologies.com:https (ESTABLISHED)
tuic-serv 11653 root  139u     IPv4             239136      0t0    TCP jp-n01.internal.cloudapp.net:59342->a104-71-141-50.deploy.static.akamaitechnologies.com:https (ESTABLISHED)
tuic-serv 11653 root  140u     IPv4             241916      0t0    TCP jp-n01.internal.cloudapp.net:50854->a104-71-141-50.deploy.static.akamaitechnologies.com:https (ESTABLISHED)
tuic-serv 11653 root  141u     IPv4             239530      0t0    TCP jp-n01.internal.cloudapp.net:53444->a104-71-141-50.deploy.static.akamaitechnologies.com:https (ESTABLISHED)
tuic-serv 11653 root  142u     IPv4             239620      0t0    TCP jp-n01.internal.cloudapp.net:41678->a104-71-141-50.deploy.static.akamaitechnologies.com:https (ESTABLISHED)
tuic-serv 11653 root  143u     IPv4             240560      0t0    TCP jp-n01.internal.cloudapp.net:59606->a104-71-141-50.deploy.static.akamaitechnologies.com:https (ESTABLISHED)
tuic-serv 11653 root  144u     IPv4             241458      0t0    TCP jp-n01.internal.cloudapp.net:43332->a104-71-141-50.deploy.static.akamaitechnologies.com:https (ESTABLISHED)
tuic-serv 11653 root  145u     IPv4             239920      0t0    TCP jp-n01.internal.cloudapp.net:39542->a104-71-141-50.deploy.static.akamaitechnologies.com:https (ESTABLISHED)
tuic-serv 11653 root  146u     IPv4             241962      0t0    TCP jp-n01.internal.cloudapp.net:42832->a104-71-141-50.deploy.static.akamaitechnologies.com:https (ESTABLISHED)
tuic-serv 11653 root  147u     IPv4             249955      0t0    TCP jp-n01.internal.cloudapp.net:46694->a23-32-13-159.deploy.static.akamaitechnologies.com:https (ESTABLISHED)
tuic-serv 11653 root  148u     IPv4             240671      0t0    TCP jp-n01.internal.cloudapp.net:51474->a104-71-141-50.deploy.static.akamaitechnologies.com:https (ESTABLISHED)
tuic-serv 11653 root  149u     IPv4             240324      0t0    TCP jp-n01.internal.cloudapp.net:55088->a104-71-141-50.deploy.static.akamaitechnologies.com:https (ESTABLISHED)
tuic-serv 11653 root  150u     IPv4             240826      0t0    TCP jp-n01.internal.cloudapp.net:43630->a104-71-141-50.deploy.static.akamaitechnologies.com:https (ESTABLISHED)
tuic-serv 11653 root  151u     IPv4             240842      0t0    TCP jp-n01.internal.cloudapp.net:43632->a104-71-141-50.deploy.static.akamaitechnologies.com:https (ESTABLISHED)
tuic-serv 11653 root  152u     IPv4             243724      0t0    TCP jp-n01.internal.cloudapp.net:46222->a104-71-141-50.deploy.static.akamaitechnologies.com:https (ESTABLISHED)
tuic-serv 11653 root  153u     IPv4             240953      0t0    TCP jp-n01.internal.cloudapp.net:43990->a104-71-141-50.deploy.static.akamaitechnologies.com:https (ESTABLISHED)
tuic-serv 11653 root  154u     IPv4             241022      0t0    TCP jp-n01.internal.cloudapp.net:38908->a104-71-141-50.deploy.static.akamaitechnologies.com:https (ESTABLISHED)
tuic-serv 11653 root  155u     IPv4             245344      0t0    TCP jp-n01.internal.cloudapp.net:36840->a104-71-141-50.deploy.static.akamaitechnologies.com:https (ESTABLISHED)
tuic-serv 11653 root  156u     IPv4             242822      0t0    TCP jp-n01.internal.cloudapp.net:35458->a104-71-141-50.deploy.static.akamaitechnologies.com:https (ESTABLISHED)
tuic-serv 11653 root  157u     IPv4             241334      0t0    TCP jp-n01.internal.cloudapp.net:53724->a104-71-141-50.deploy.static.akamaitechnologies.com:https (ESTABLISHED)
tuic-serv 11653 root  158u     IPv4             241704      0t0    TCP jp-n01.internal.cloudapp.net:50768->a104-71-141-50.deploy.static.akamaitechnologies.com:https (ESTABLISHED)
tuic-serv 11653 root  159u     IPv4             243442      0t0    TCP jp-n01.internal.cloudapp.net:58386->a104-71-141-50.deploy.static.akamaitechnologies.com:https (ESTABLISHED)
tuic-serv 11653 root  160u     IPv4             245021      0t0    TCP jp-n01.internal.cloudapp.net:56446->a104-71-141-50.deploy.static.akamaitechnologies.com:https (ESTABLISHED)
tuic-serv 11653 root  161u     IPv4             242982      0t0    TCP jp-n01.internal.cloudapp.net:42418->a104-71-141-50.deploy.static.akamaitechnologies.com:https (ESTABLISHED)
tuic-serv 11653 root  162u     IPv4             244448      0t0    TCP jp-n01.internal.cloudapp.net:36452->a104-71-141-50.deploy.static.akamaitechnologies.com:https (ESTABLISHED)
tuic-serv 11653 root  163u     IPv4             241989      0t0    TCP jp-n01.internal.cloudapp.net:34370->a104-71-141-50.deploy.static.akamaitechnologies.com:https (ESTABLISHED)
tuic-serv 11653 root  164u     IPv4             242120      0t0    TCP jp-n01.internal.cloudapp.net:48566->a104-71-141-50.deploy.static.akamaitechnologies.com:https (ESTABLISHED)
tuic-serv 11653 root  165u     IPv4             242194      0t0    TCP jp-n01.internal.cloudapp.net:44176->a104-71-141-50.deploy.static.akamaitechnologies.com:https (ESTABLISHED)
tuic-serv 11653 root  166u     IPv4             243081      0t0    TCP jp-n01.internal.cloudapp.net:54656->a104-71-141-50.deploy.static.akamaitechnologies.com:https (ESTABLISHED)
tuic-serv 11653 root  167u     IPv4             249466      0t0    TCP jp-n01.internal.cloudapp.net:38480->a23-32-13-159.deploy.static.akamaitechnologies.com:https (ESTABLISHED)
tuic-serv 11653 root  168u     IPv4             243219      0t0    TCP jp-n01.internal.cloudapp.net:55926->a104-71-141-50.deploy.static.akamaitechnologies.com:https (ESTABLISHED)
tuic-serv 11653 root  169u     IPv4             243983      0t0    TCP jp-n01.internal.cloudapp.net:59562->a104-71-141-50.deploy.static.akamaitechnologies.com:https (ESTABLISHED)
tuic-serv 11653 root  170u     IPv4             246656      0t0    TCP jp-n01.internal.cloudapp.net:33390->a23-32-13-159.deploy.static.akamaitechnologies.com:https (ESTABLISHED)
tuic-serv 11653 root  171u     IPv4             243645      0t0    TCP jp-n01.internal.cloudapp.net:48038->a104-71-141-50.deploy.static.akamaitechnologies.com:https (ESTABLISHED)
tuic-serv 11653 root  172u     IPv4             256548      0t0    TCP jp-n01.internal.cloudapp.net:44534->a104-71-141-50.deploy.static.akamaitechnologies.com:https (ESTABLISHED)
tuic-serv 11653 root  173u     IPv4             244244      0t0    TCP jp-n01.internal.cloudapp.net:55902->a104-71-141-50.deploy.static.akamaitechnologies.com:https (ESTABLISHED)
tuic-serv 11653 root  174u     IPv4             244323      0t0    TCP jp-n01.internal.cloudapp.net:36838->a104-71-141-50.deploy.static.akamaitechnologies.com:https (ESTABLISHED)
tuic-serv 11653 root  175u     IPv4             245824      0t0    TCP jp-n01.internal.cloudapp.net:50792->a104-71-141-50.deploy.static.akamaitechnologies.com:https (ESTABLISHED)
tuic-serv 11653 root  176u     IPv4             244665      0t0    TCP jp-n01.internal.cloudapp.net:50906->a104-71-141-50.deploy.static.akamaitechnologies.com:https (ESTABLISHED)
tuic-serv 11653 root  177u     IPv4             246029      0t0    TCP jp-n01.internal.cloudapp.net:55412->a104-71-141-50.deploy.static.akamaitechnologies.com:https (ESTABLISHED)
tuic-serv 11653 root  178u     IPv4             246070      0t0    TCP jp-n01.internal.cloudapp.net:36208->a104-71-141-50.deploy.static.akamaitechnologies.com:https (ESTABLISHED)
tuic-serv 11653 root  179u     IPv4             247743      0t0    TCP jp-n01.internal.cloudapp.net:54232->a23-32-13-159.deploy.static.akamaitechnologies.com:https (ESTABLISHED)
tuic-serv 11653 root  180u     IPv4             244548      0t0    TCP jp-n01.internal.cloudapp.net:59238->a104-71-141-50.deploy.static.akamaitechnologies.com:https (ESTABLISHED)
tuic-serv 11653 root  181u     IPv4             244816      0t0    TCP jp-n01.internal.cloudapp.net:35008->a104-71-141-50.deploy.static.akamaitechnologies.com:https (ESTABLISHED)
tuic-serv 11653 root  182u     IPv4             245454      0t0    TCP jp-n01.internal.cloudapp.net:39380->a104-71-141-50.deploy.static.akamaitechnologies.com:https (ESTABLISHED)
tuic-serv 11653 root  183u     IPv4             244885      0t0    TCP jp-n01.internal.cloudapp.net:40144->a104-71-141-50.deploy.static.akamaitechnologies.com:https (ESTABLISHED)
tuic-serv 11653 root  184u     IPv4             246230      0t0    TCP jp-n01.internal.cloudapp.net:49740->a104-71-141-50.deploy.static.akamaitechnologies.com:https (ESTABLISHED)
tuic-serv 11653 root  185u     IPv4             247546      0t0    TCP jp-n01.internal.cloudapp.net:32990->a23-32-13-159.deploy.static.akamaitechnologies.com:https (ESTABLISHED)
tuic-serv 11653 root  186u     IPv4             253038      0t0    TCP jp-n01.internal.cloudapp.net:36954->a23-32-13-159.deploy.static.akamaitechnologies.com:https (ESTABLISHED)
tuic-serv 11653 root  187u     IPv4             248845      0t0    TCP jp-n01.internal.cloudapp.net:56720->a23-32-13-159.deploy.static.akamaitechnologies.com:https (ESTABLISHED)
tuic-serv 11653 root  188u     IPv4             246770      0t0    TCP jp-n01.internal.cloudapp.net:58558->a23-32-13-159.deploy.static.akamaitechnologies.com:https (ESTABLISHED)
tuic-serv 11653 root  189u     IPv4             246983      0t0    TCP jp-n01.internal.cloudapp.net:58514->a23-32-13-159.deploy.static.akamaitechnologies.com:https (ESTABLISHED)
tuic-serv 11653 root  190u     IPv4             248883      0t0    TCP jp-n01.internal.cloudapp.net:60118->a23-32-13-159.deploy.static.akamaitechnologies.com:https (ESTABLISHED)
tuic-serv 11653 root  191u     IPv4             247129      0t0    TCP jp-n01.internal.cloudapp.net:48600->a23-32-13-159.deploy.static.akamaitechnologies.com:https (ESTABLISHED)
tuic-serv 11653 root  192u     IPv4             247196      0t0    TCP jp-n01.internal.cloudapp.net:48008->a23-32-13-159.deploy.static.akamaitechnologies.com:https (ESTABLISHED)
tuic-serv 11653 root  193u     IPv4             248969      0t0    TCP jp-n01.internal.cloudapp.net:44654->a23-32-13-159.deploy.static.akamaitechnologies.com:https (ESTABLISHED)
tuic-serv 11653 root  194u     IPv4             250112      0t0    TCP jp-n01.internal.cloudapp.net:47140->a23-32-13-159.deploy.static.akamaitechnologies.com:https (ESTABLISHED)
tuic-serv 11653 root  195u     IPv4             247421      0t0    TCP jp-n01.internal.cloudapp.net:35050->a23-32-13-159.deploy.static.akamaitechnologies.com:https (ESTABLISHED)
tuic-serv 11653 root  196u     IPv4             247559      0t0    TCP jp-n01.internal.cloudapp.net:58564->a23-32-13-159.deploy.static.akamaitechnologies.com:https (ESTABLISHED)
tuic-serv 11653 root  197u     IPv4             248170      0t0    TCP jp-n01.internal.cloudapp.net:36612->a23-32-13-159.deploy.static.akamaitechnologies.com:https (ESTABLISHED)
tuic-serv 11653 root  198u     IPv4             253341      0t0    TCP jp-n01.internal.cloudapp.net:43694->a104-71-141-50.deploy.static.akamaitechnologies.com:https (ESTABLISHED)
tuic-serv 11653 root  199u     IPv4             249655      0t0    TCP jp-n01.internal.cloudapp.net:57796->a23-32-13-159.deploy.static.akamaitechnologies.com:https (ESTABLISHED)
tuic-serv 11653 root  200u     IPv4             248221      0t0    TCP jp-n01.internal.cloudapp.net:38184->a23-32-13-159.deploy.static.akamaitechnologies.com:https (ESTABLISHED)
tuic-serv 11653 root  201u     IPv4             248388      0t0    TCP jp-n01.internal.cloudapp.net:54494->a23-32-13-159.deploy.static.akamaitechnologies.com:https (ESTABLISHED)
tuic-serv 11653 root  202u     IPv4             259146      0t0    TCP jp-n01.internal.cloudapp.net:34402->a104-71-141-50.deploy.static.akamaitechnologies.com:https (ESTABLISHED)
tuic-serv 11653 root  203u     IPv4             247958      0t0    TCP jp-n01.internal.cloudapp.net:58134->a23-32-13-159.deploy.static.akamaitechnologies.com:https (ESTABLISHED)
tuic-serv 11653 root  204u     IPv4             248126      0t0    TCP jp-n01.internal.cloudapp.net:43458->a23-32-13-159.deploy.static.akamaitechnologies.com:https (ESTABLISHED)
tuic-serv 11653 root  205u     IPv4             248025      0t0    TCP jp-n01.internal.cloudapp.net:58148->a23-32-13-159.deploy.static.akamaitechnologies.com:https (ESTABLISHED)
tuic-serv 11653 root  206u     IPv4             251160      0t0    TCP jp-n01.internal.cloudapp.net:60498->a23-32-13-159.deploy.static.akamaitechnologies.com:https (ESTABLISHED)
tuic-serv 11653 root  207u     IPv4             250145      0t0    TCP jp-n01.internal.cloudapp.net:53006->a23-32-13-159.deploy.static.akamaitechnologies.com:https (ESTABLISHED)
tuic-serv 11653 root  208u     IPv4             255765      0t0    TCP jp-n01.internal.cloudapp.net:33590->a104-71-141-50.deploy.static.akamaitechnologies.com:https (ESTABLISHED)
tuic-serv 11653 root  209u     IPv4             249200      0t0    TCP jp-n01.internal.cloudapp.net:53576->a23-32-13-159.deploy.static.akamaitechnologies.com:https (ESTABLISHED)
tuic-serv 11653 root  210u     IPv4             249682      0t0    TCP jp-n01.internal.cloudapp.net:53984->a23-32-13-159.deploy.static.akamaitechnologies.com:https (ESTABLISHED)
tuic-serv 11653 root  211u     IPv4             249668      0t0    TCP jp-n01.internal.cloudapp.net:57808->a23-32-13-159.deploy.static.akamaitechnologies.com:https (ESTABLISHED)
tuic-serv 11653 root  212u     IPv4             260703      0t0    TCP jp-n01.internal.cloudapp.net:47086->a104-71-141-50.deploy.static.akamaitechnologies.com:https (ESTABLISHED)
tuic-serv 11653 root  213u     IPv4             251272      0t0    TCP jp-n01.internal.cloudapp.net:35304->a23-32-13-159.deploy.static.akamaitechnologies.com:https (ESTABLISHED)
tuic-serv 11653 root  214u     IPv4             250252      0t0    TCP jp-n01.internal.cloudapp.net:37230->a23-32-13-159.deploy.static.akamaitechnologies.com:https (ESTABLISHED)
tuic-serv 11653 root  215u     IPv4             253188      0t0    TCP jp-n01.internal.cloudapp.net:43040->a104-71-141-50.deploy.static.akamaitechnologies.com:https (ESTABLISHED)
tuic-serv 11653 root  216u     IPv4             250310      0t0    TCP jp-n01.internal.cloudapp.net:39118->a23-32-13-159.deploy.static.akamaitechnologies.com:https (ESTABLISHED)
tuic-serv 11653 root  217u     IPv4             251373      0t0    TCP jp-n01.internal.cloudapp.net:32794->a23-32-13-159.deploy.static.akamaitechnologies.com:https (ESTABLISHED)
tuic-serv 11653 root  218u     IPv4             255250      0t0    TCP jp-n01.internal.cloudapp.net:44068->a104-71-141-50.deploy.static.akamaitechnologies.com:https (ESTABLISHED)
tuic-serv 11653 root  219u     IPv4             253814      0t0    TCP jp-n01.internal.cloudapp.net:59672->a104-71-141-50.deploy.static.akamaitechnologies.com:https (ESTABLISHED)
tuic-serv 11653 root  220u     IPv4             259688      0t0    TCP jp-n01.internal.cloudapp.net:46156->a104-71-141-50.deploy.static.akamaitechnologies.com:https (ESTABLISHED)
tuic-serv 11653 root  221u     IPv4             264994      0t0    TCP jp-n01.internal.cloudapp.net:57424->a104-71-141-50.deploy.static.akamaitechnologies.com:https (ESTABLISHED)
tuic-serv 11653 root  222u     IPv4             253147      0t0    TCP jp-n01.internal.cloudapp.net:56708->a23-32-13-159.deploy.static.akamaitechnologies.com:https (ESTABLISHED)
tuic-serv 11653 root  223u     IPv4             253215      0t0    TCP jp-n01.internal.cloudapp.net:41622->a104-71-141-50.deploy.static.akamaitechnologies.com:https (ESTABLISHED)
tuic-serv 11653 root  224u     IPv4             253267      0t0    TCP jp-n01.internal.cloudapp.net:53862->a104-71-141-50.deploy.static.akamaitechnologies.com:https (ESTABLISHED)
tuic-serv 11653 root  225u     IPv4             253291      0t0    TCP jp-n01.internal.cloudapp.net:60860->a104-71-141-50.deploy.static.akamaitechnologies.com:https (ESTABLISHED)
tuic-serv 11653 root  226u     IPv4             253422      0t0    TCP jp-n01.internal.cloudapp.net:38892->a104-71-141-50.deploy.static.akamaitechnologies.com:https (ESTABLISHED)
tuic-serv 11653 root  227u     IPv4             253898      0t0    TCP jp-n01.internal.cloudapp.net:46474->a104-71-141-50.deploy.static.akamaitechnologies.com:https (ESTABLISHED)
tuic-serv 11653 root  228u     IPv4             253433      0t0    TCP jp-n01.internal.cloudapp.net:59924->a104-71-141-50.deploy.static.akamaitechnologies.com:https (ESTABLISHED)
tuic-serv 11653 root  229u     IPv4             253475      0t0    TCP jp-n01.internal.cloudapp.net:51998->a104-71-141-50.deploy.static.akamaitechnologies.com:https (ESTABLISHED)
tuic-serv 11653 root  230u     IPv4             254712      0t0    TCP jp-n01.internal.cloudapp.net:34336->a104-71-141-50.deploy.static.akamaitechnologies.com:https (ESTABLISHED)
tuic-serv 11653 root  231u     IPv4             253507      0t0    TCP jp-n01.internal.cloudapp.net:52770->a104-71-141-50.deploy.static.akamaitechnologies.com:https (ESTABLISHED)
tuic-serv 11653 root  232u     IPv4             254282      0t0    TCP jp-n01.internal.cloudapp.net:57116->a104-71-141-50.deploy.static.akamaitechnologies.com:https (ESTABLISHED)
tuic-serv 11653 root  233u     IPv4             253540      0t0    TCP jp-n01.internal.cloudapp.net:54074->a104-71-141-50.deploy.static.akamaitechnologies.com:https (ESTABLISHED)
tuic-serv 11653 root  234u     IPv4             254771      0t0    TCP jp-n01.internal.cloudapp.net:55780->a104-71-141-50.deploy.static.akamaitechnologies.com:https (ESTABLISHED)
tuic-serv 11653 root  235u     IPv4             259904      0t0    TCP jp-n01.internal.cloudapp.net:47962->a104-71-141-50.deploy.static.akamaitechnologies.com:https (ESTABLISHED)
tuic-serv 11653 root  236u     IPv4             254097      0t0    TCP jp-n01.internal.cloudapp.net:51130->a104-71-141-50.deploy.static.akamaitechnologies.com:https (ESTABLISHED)
tuic-serv 11653 root  237u     IPv4             254204      0t0    TCP jp-n01.internal.cloudapp.net:33796->a104-71-141-50.deploy.static.akamaitechnologies.com:https (ESTABLISHED)
tuic-serv 11653 root  238u     IPv4             254151      0t0    TCP jp-n01.internal.cloudapp.net:53836->a104-71-141-50.deploy.static.akamaitechnologies.com:https (ESTABLISHED)
tuic-serv 11653 root  239u     IPv4             267236      0t0    TCP jp-n01.internal.cloudapp.net:33780->a104-71-141-50.deploy.static.akamaitechnologies.com:https (ESTABLISHED)
tuic-serv 11653 root  240u     IPv4             255906      0t0    TCP jp-n01.internal.cloudapp.net:53496->a104-71-141-50.deploy.static.akamaitechnologies.com:https (ESTABLISHED)
tuic-serv 11653 root  241u     IPv4             254991      0t0    TCP jp-n01.internal.cloudapp.net:45350->a104-71-141-50.deploy.static.akamaitechnologies.com:https (ESTABLISHED)
tuic-serv 11653 root  242u     IPv4             258907      0t0    TCP jp-n01.internal.cloudapp.net:36712->a104-71-141-50.deploy.static.akamaitechnologies.com:https (ESTABLISHED)
tuic-serv 11653 root  243u     IPv4             264475      0t0    TCP jp-n01.internal.cloudapp.net:34098->a104-71-141-50.deploy.static.akamaitechnologies.com:https (ESTABLISHED)
tuic-serv 11653 root  244u     IPv4             258379      0t0    TCP jp-n01.internal.cloudapp.net:39854->a104-71-141-50.deploy.static.akamaitechnologies.com:https (ESTABLISHED)
tuic-serv 11653 root  245u     IPv4             255100      0t0    TCP jp-n01.internal.cloudapp.net:40750->a104-71-141-50.deploy.static.akamaitechnologies.com:https (ESTABLISHED)
tuic-serv 11653 root  246u     IPv4             290502      0t0    TCP jp-n01.internal.cloudapp.net:34350->a23-32-13-159.deploy.static.akamaitechnologies.com:https (ESTABLISHED)
tuic-serv 11653 root  247u     IPv4             281203      0t0    TCP jp-n01.internal.cloudapp.net:44854->a23-47-146-16.deploy.static.akamaitechnologies.com:https (ESTABLISHED)
tuic-serv 11653 root  248u     IPv4             255445      0t0    TCP jp-n01.internal.cloudapp.net:43796->a104-71-141-50.deploy.static.akamaitechnologies.com:https (ESTABLISHED)
tuic-serv 11653 root  249u     IPv4             255649      0t0    TCP jp-n01.internal.cloudapp.net:58710->a104-71-141-50.deploy.static.akamaitechnologies.com:https (ESTABLISHED)
tuic-serv 11653 root  250u     IPv4             255684      0t0    TCP jp-n01.internal.cloudapp.net:43276->a104-71-141-50.deploy.static.akamaitechnologies.com:https (ESTABLISHED)
tuic-serv 11653 root  251u     IPv4             256666      0t0    TCP jp-n01.internal.cloudapp.net:35102->a104-71-141-50.deploy.static.akamaitechnologies.com:https (ESTABLISHED)
tuic-serv 11653 root  252u     IPv4             256715      0t0    TCP jp-n01.internal.cloudapp.net:43314->a104-71-141-50.deploy.static.akamaitechnologies.com:https (ESTABLISHED)
tuic-serv 11653 root  253u     IPv4             259071      0t0    TCP jp-n01.internal.cloudapp.net:60168->a104-71-141-50.deploy.static.akamaitechnologies.com:https (ESTABLISHED)
tuic-serv 11653 root  254u     IPv4             256533      0t0    TCP jp-n01.internal.cloudapp.net:43086->a104-71-141-50.deploy.static.akamaitechnologies.com:https (ESTABLISHED)
tuic-serv 11653 root  255u     IPv4             256840      0t0    TCP jp-n01.internal.cloudapp.net:60780->a104-71-141-50.deploy.static.akamaitechnologies.com:https (ESTABLISHED)
tuic-serv 11653 root  256u     IPv4             257911      0t0    TCP jp-n01.internal.cloudapp.net:37382->a104-71-141-50.deploy.static.akamaitechnologies.com:https (ESTABLISHED)
tuic-serv 11653 root  257u     IPv4             257272      0t0    TCP jp-n01.internal.cloudapp.net:57688->a104-71-141-50.deploy.static.akamaitechnologies.com:https (ESTABLISHED)
tuic-serv 11653 root  258u     IPv4             256935      0t0    TCP jp-n01.internal.cloudapp.net:36668->a104-71-141-50.deploy.static.akamaitechnologies.com:https (ESTABLISHED)
tuic-serv 11653 root  259u     IPv4             257510      0t0    TCP jp-n01.internal.cloudapp.net:54968->a104-71-141-50.deploy.static.akamaitechnologies.com:https (ESTABLISHED)
tuic-serv 11653 root  260u     IPv4             257781      0t0    TCP jp-n01.internal.cloudapp.net:35344->a104-71-141-50.deploy.static.akamaitechnologies.com:https (ESTABLISHED)
tuic-serv 11653 root  261u     IPv4             258051      0t0    TCP jp-n01.internal.cloudapp.net:43512->a104-71-141-50.deploy.static.akamaitechnologies.com:https (ESTABLISHED)
tuic-serv 11653 root  262u     IPv4             261203      0t0    TCP jp-n01.internal.cloudapp.net:41964->a104-71-141-50.deploy.static.akamaitechnologies.com:https (ESTABLISHED)
tuic-serv 11653 root  263u     IPv4             258560      0t0    TCP jp-n01.internal.cloudapp.net:42394->a104-71-141-50.deploy.static.akamaitechnologies.com:https (ESTABLISHED)
tuic-serv 11653 root  264u     IPv4             262498      0t0    TCP jp-n01.internal.cloudapp.net:41956->a104-71-141-50.deploy.static.akamaitechnologies.com:https (ESTABLISHED)
tuic-serv 11653 root  265u     IPv4             258607      0t0    TCP jp-n01.internal.cloudapp.net:60370->a104-71-141-50.deploy.static.akamaitechnologies.com:https (ESTABLISHED)
tuic-serv 11653 root  266u     IPv4             266107      0t0    TCP jp-n01.internal.cloudapp.net:54342->a104-71-141-50.deploy.static.akamaitechnologies.com:https (ESTABLISHED)
tuic-serv 11653 root  267u     IPv4             258650      0t0    TCP jp-n01.internal.cloudapp.net:53672->a104-71-141-50.deploy.static.akamaitechnologies.com:https (ESTABLISHED)
tuic-serv 11653 root  268u     IPv4             258662      0t0    TCP jp-n01.internal.cloudapp.net:44694->a104-71-141-50.deploy.static.akamaitechnologies.com:https (ESTABLISHED)
tuic-serv 11653 root  269u     IPv4             260249      0t0    TCP jp-n01.internal.cloudapp.net:46732->a104-71-141-50.deploy.static.akamaitechnologies.com:https (ESTABLISHED)
tuic-serv 11653 root  270u     IPv4             260288      0t0    TCP jp-n01.internal.cloudapp.net:42864->a104-71-141-50.deploy.static.akamaitechnologies.com:https (ESTABLISHED)
tuic-serv 11653 root  271u     IPv4             265035      0t0    TCP jp-n01.internal.cloudapp.net:41166->a104-71-141-50.deploy.static.akamaitechnologies.com:https (ESTABLISHED)
tuic-serv 11653 root  272u     IPv4             286091      0t0    TCP jp-n01.internal.cloudapp.net:35894->a23-47-146-16.deploy.static.akamaitechnologies.com:https (ESTABLISHED)
tuic-serv 11653 root  273u     IPv4             260431      0t0    TCP jp-n01.internal.cloudapp.net:33844->a104-71-141-50.deploy.static.akamaitechnologies.com:https (ESTABLISHED)
tuic-serv 11653 root  274u     IPv4             260519      0t0    TCP jp-n01.internal.cloudapp.net:36262->a104-71-141-50.deploy.static.akamaitechnologies.com:https (ESTABLISHED)
tuic-serv 11653 root  275u     IPv4             258751      0t0    TCP jp-n01.internal.cloudapp.net:56878->a104-71-141-50.deploy.static.akamaitechnologies.com:https (ESTABLISHED)
tuic-serv 11653 root  276u     IPv4             258792      0t0    TCP jp-n01.internal.cloudapp.net:44988->a104-71-141-50.deploy.static.akamaitechnologies.com:https (ESTABLISHED)
tuic-serv 11653 root  277u     IPv4             270556      0t0    TCP jp-n01.internal.cloudapp.net:34594->a104-71-141-50.deploy.static.akamaitechnologies.com:https (ESTABLISHED)
tuic-serv 11653 root  278u     IPv4             260590      0t0    TCP jp-n01.internal.cloudapp.net:36338->a104-71-141-50.deploy.static.akamaitechnologies.com:https (ESTABLISHED)
tuic-serv 11653 root  279u     IPv4             258878      0t0    TCP jp-n01.internal.cloudapp.net:53478->a104-71-141-50.deploy.static.akamaitechnologies.com:https (ESTABLISHED)
tuic-serv 11653 root  280u     IPv4             258997      0t0    TCP jp-n01.internal.cloudapp.net:53792->a104-71-141-50.deploy.static.akamaitechnologies.com:https (ESTABLISHED)
tuic-serv 11653 root  281u     IPv4             262219      0t0    TCP jp-n01.internal.cloudapp.net:58354->a104-71-141-50.deploy.static.akamaitechnologies.com:https (ESTABLISHED)
tuic-serv 11653 root  282u     IPv4             260662      0t0    TCP jp-n01.internal.cloudapp.net:37038->a104-71-141-50.deploy.static.akamaitechnologies.com:https (ESTABLISHED)
tuic-serv 11653 root  283u     IPv4             260897      0t0    TCP jp-n01.internal.cloudapp.net:40838->a104-71-141-50.deploy.static.akamaitechnologies.com:https (ESTABLISHED)
tuic-serv 11653 root  284u     IPv4             260939      0t0    TCP jp-n01.internal.cloudapp.net:60632->a104-71-141-50.deploy.static.akamaitechnologies.com:https (ESTABLISHED)
tuic-serv 11653 root  285u     IPv4             261248      0t0    TCP jp-n01.internal.cloudapp.net:59454->a104-71-141-50.deploy.static.akamaitechnologies.com:https (ESTABLISHED)
tuic-serv 11653 root  286u     IPv4             301172      0t0    TCP jp-n01.internal.cloudapp.net:59428->a104-71-141-50.deploy.static.akamaitechnologies.com:https (ESTABLISHED)
tuic-serv 11653 root  287u     IPv4             279207      0t0    TCP jp-n01.internal.cloudapp.net:52118->a23-47-146-16.deploy.static.akamaitechnologies.com:https (ESTABLISHED)
tuic-serv 11653 root  288u     IPv4             263566      0t0    TCP jp-n01.internal.cloudapp.net:54420->a104-71-141-50.deploy.static.akamaitechnologies.com:https (ESTABLISHED)
tuic-serv 11653 root  289u     IPv4             262060      0t0    TCP jp-n01.internal.cloudapp.net:50276->a104-71-141-50.deploy.static.akamaitechnologies.com:https (ESTABLISHED)
tuic-serv 11653 root  290u     IPv4             262161      0t0    TCP jp-n01.internal.cloudapp.net:39690->a104-71-141-50.deploy.static.akamaitechnologies.com:https (ESTABLISHED)
tuic-serv 11653 root  291u     IPv4             271057      0t0    TCP jp-n01.internal.cloudapp.net:48538->a23-32-13-159.deploy.static.akamaitechnologies.com:https (ESTABLISHED)
tuic-serv 11653 root  292u     IPv4             262791      0t0    TCP jp-n01.internal.cloudapp.net:56646->a104-71-141-50.deploy.static.akamaitechnologies.com:https (ESTABLISHED)
tuic-serv 11653 root  293u     IPv4             262563      0t0    TCP jp-n01.internal.cloudapp.net:33942->a104-71-141-50.deploy.static.akamaitechnologies.com:https (ESTABLISHED)
tuic-serv 11653 root  294u     IPv4             262876      0t0    TCP jp-n01.internal.cloudapp.net:51390->a104-71-141-50.deploy.static.akamaitechnologies.com:https (ESTABLISHED)
tuic-serv 11653 root  295u     IPv4             267578      0t0    TCP jp-n01.internal.cloudapp.net:54760->a104-71-141-50.deploy.static.akamaitechnologies.com:https (ESTABLISHED)
tuic-serv 11653 root  296u     IPv4             294438      0t0    TCP jp-n01.internal.cloudapp.net:51776->a23-32-13-159.deploy.static.akamaitechnologies.com:https (ESTABLISHED)
tuic-serv 11653 root  297u     IPv4             270847      0t0    TCP jp-n01.internal.cloudapp.net:42022->a104-71-141-50.deploy.static.akamaitechnologies.com:https (ESTABLISHED)
tuic-serv 11653 root  298u     IPv4             263860      0t0    TCP jp-n01.internal.cloudapp.net:59094->a104-71-141-50.deploy.static.akamaitechnologies.com:https (ESTABLISHED)
tuic-serv 11653 root  299u     IPv4             263901      0t0    TCP jp-n01.internal.cloudapp.net:55878->a104-71-141-50.deploy.static.akamaitechnologies.com:https (ESTABLISHED)
tuic-serv 11653 root  300u     IPv4             264539      0t0    TCP jp-n01.internal.cloudapp.net:60666->a104-71-141-50.deploy.static.akamaitechnologies.com:https (ESTABLISHED)
tuic-serv 11653 root  301u     IPv4             277865      0t0    TCP jp-n01.internal.cloudapp.net:58728->a23-47-146-16.deploy.static.akamaitechnologies.com:https (ESTABLISHED)
tuic-serv 11653 root  302u     IPv4             275352      0t0    TCP jp-n01.internal.cloudapp.net:59648->a23-32-13-159.deploy.static.akamaitechnologies.com:https (ESTABLISHED)
tuic-serv 11653 root  303u     IPv4             265171      0t0    TCP jp-n01.internal.cloudapp.net:45256->a104-71-141-50.deploy.static.akamaitechnologies.com:https (ESTABLISHED)
tuic-serv 11653 root  304u     IPv4             265233      0t0    TCP jp-n01.internal.cloudapp.net:47250->a104-71-141-50.deploy.static.akamaitechnologies.com:https (ESTABLISHED)
tuic-serv 11653 root  305u     IPv4             269937      0t0    TCP jp-n01.internal.cloudapp.net:53160->a104-71-141-50.deploy.static.akamaitechnologies.com:https (ESTABLISHED)
tuic-serv 11653 root  306u     IPv4             267890      0t0    TCP jp-n01.internal.cloudapp.net:53224->a104-71-141-50.deploy.static.akamaitechnologies.com:https (ESTABLISHED)
tuic-serv 11653 root  307u     IPv4             264239      0t0    TCP jp-n01.internal.cloudapp.net:50232->a104-71-141-50.deploy.static.akamaitechnologies.com:https (ESTABLISHED)
tuic-serv 11653 root  308u     IPv4             266019      0t0    TCP jp-n01.internal.cloudapp.net:60556->a104-71-141-50.deploy.static.akamaitechnologies.com:https (ESTABLISHED)
tuic-serv 11653 root  309u     IPv4             264344      0t0    TCP jp-n01.internal.cloudapp.net:47464->a104-71-141-50.deploy.static.akamaitechnologies.com:https (ESTABLISHED)
tuic-serv 11653 root  310u     IPv4             267383      0t0    TCP jp-n01.internal.cloudapp.net:48192->a104-71-141-50.deploy.static.akamaitechnologies.com:https (ESTABLISHED)
tuic-serv 11653 root  311u     IPv4             265459      0t0    TCP jp-n01.internal.cloudapp.net:36324->a104-71-141-50.deploy.static.akamaitechnologies.com:https (ESTABLISHED)
tuic-serv 11653 root  312u     IPv4             269215      0t0    TCP jp-n01.internal.cloudapp.net:39904->a104-71-141-50.deploy.static.akamaitechnologies.com:https (ESTABLISHED)
tuic-serv 11653 root  313u     IPv4             298159      0t0    TCP jp-n01.internal.cloudapp.net:60516->a23-32-13-159.deploy.static.akamaitechnologies.com:https (ESTABLISHED)
tuic-serv 11653 root  314u     IPv4             268159      0t0    TCP jp-n01.internal.cloudapp.net:58586->a104-71-141-50.deploy.static.akamaitechnologies.com:https (ESTABLISHED)
tuic-serv 11653 root  315u     IPv4             269399      0t0    TCP jp-n01.internal.cloudapp.net:40058->a104-71-141-50.deploy.static.akamaitechnologies.com:https (ESTABLISHED)
tuic-serv 11653 root  316u     IPv4             268392      0t0    TCP jp-n01.internal.cloudapp.net:59360->a104-71-141-50.deploy.static.akamaitechnologies.com:https (ESTABLISHED)
tuic-serv 11653 root  317u     IPv4             270373      0t0    TCP jp-n01.internal.cloudapp.net:60934->a104-71-141-50.deploy.static.akamaitechnologies.com:https (ESTABLISHED)
tuic-serv 11653 root  318u     IPv4             268558      0t0    TCP jp-n01.internal.cloudapp.net:44980->a104-71-141-50.deploy.static.akamaitechnologies.com:https (ESTABLISHED)
tuic-serv 11653 root  319u     IPv4             268598      0t0    TCP jp-n01.internal.cloudapp.net:46226->a104-71-141-50.deploy.static.akamaitechnologies.com:https (ESTABLISHED)
tuic-serv 11653 root  320u     IPv4             270638      0t0    TCP jp-n01.internal.cloudapp.net:42754->a104-71-141-50.deploy.static.akamaitechnologies.com:https (ESTABLISHED)
tuic-serv 11653 root  321u     IPv4             268675      0t0    TCP jp-n01.internal.cloudapp.net:49752->a104-71-141-50.deploy.static.akamaitechnologies.com:https (ESTABLISHED)
tuic-serv 11653 root  322u     IPv4             268972      0t0    TCP jp-n01.internal.cloudapp.net:42468->a104-71-141-50.deploy.static.akamaitechnologies.com:https (ESTABLISHED)
tuic-serv 11653 root  323u     IPv4             269500      0t0    TCP jp-n01.internal.cloudapp.net:44922->a104-71-141-50.deploy.static.akamaitechnologies.com:https (ESTABLISHED)
tuic-serv 11653 root  324u     IPv4             269042      0t0    TCP jp-n01.internal.cloudapp.net:46646->a104-71-141-50.deploy.static.akamaitechnologies.com:https (ESTABLISHED)
tuic-serv 11653 root  325u     IPv4             269503      0t0    TCP jp-n01.internal.cloudapp.net:44934->a104-71-141-50.deploy.static.akamaitechnologies.com:https (ESTABLISHED)
tuic-serv 11653 root  326u     IPv4             271106      0t0    TCP jp-n01.internal.cloudapp.net:46936->a23-32-13-159.deploy.static.akamaitechnologies.com:https (ESTABLISHED)
tuic-serv 11653 root  327u     IPv4             272788      0t0    TCP jp-n01.internal.cloudapp.net:50030->a23-32-13-159.deploy.static.akamaitechnologies.com:https (ESTABLISHED)
tuic-serv 11653 root  328u     IPv4             269701      0t0    TCP jp-n01.internal.cloudapp.net:57814->a104-71-141-50.deploy.static.akamaitechnologies.com:https (ESTABLISHED)
tuic-serv 11653 root  329u     IPv4             272360      0t0    TCP jp-n01.internal.cloudapp.net:33642->a23-32-13-159.deploy.static.akamaitechnologies.com:https (ESTABLISHED)
tuic-serv 11653 root  330u     IPv4             271539      0t0    TCP jp-n01.internal.cloudapp.net:56442->a23-32-13-159.deploy.static.akamaitechnologies.com:https (ESTABLISHED)
tuic-serv 11653 root  331u     IPv4             271555      0t0    TCP jp-n01.internal.cloudapp.net:43448->a23-32-13-159.deploy.static.akamaitechnologies.com:https (ESTABLISHED)
tuic-serv 11653 root  332u     IPv4             274267      0t0    TCP jp-n01.internal.cloudapp.net:33202->a23-32-13-159.deploy.static.akamaitechnologies.com:https (ESTABLISHED)
tuic-serv 11653 root  333u     IPv4             273735      0t0    TCP jp-n01.internal.cloudapp.net:41470->a23-32-13-159.deploy.static.akamaitechnologies.com:https (ESTABLISHED)
tuic-serv 11653 root  334u     IPv4             274104      0t0    TCP jp-n01.internal.cloudapp.net:54310->a23-32-13-159.deploy.static.akamaitechnologies.com:https (ESTABLISHED)
tuic-serv 11653 root  335u     IPv4             272072      0t0    TCP jp-n01.internal.cloudapp.net:56274->a23-32-13-159.deploy.static.akamaitechnologies.com:https (ESTABLISHED)
tuic-serv 11653 root  336u     IPv4             272196      0t0    TCP jp-n01.internal.cloudapp.net:37194->a23-32-13-159.deploy.static.akamaitechnologies.com:https (ESTABLISHED)
tuic-serv 11653 root  337u     IPv4             274155      0t0    TCP jp-n01.internal.cloudapp.net:54706->a23-32-13-159.deploy.static.akamaitechnologies.com:https (ESTABLISHED)
tuic-serv 11653 root  338u     IPv4             284911      0t0    TCP jp-n01.internal.cloudapp.net:43926->a23-47-146-16.deploy.static.akamaitechnologies.com:https (ESTABLISHED)
tuic-serv 11653 root  339u     IPv4             272409      0t0    TCP jp-n01.internal.cloudapp.net:41218->a23-32-13-159.deploy.static.akamaitechnologies.com:https (ESTABLISHED)
tuic-serv 11653 root  340u     IPv4             289175      0t0    TCP jp-n01.internal.cloudapp.net:40978->a23-32-13-159.deploy.static.akamaitechnologies.com:https (ESTABLISHED)
tuic-serv 11653 root  341u     IPv4             272857      0t0    TCP jp-n01.internal.cloudapp.net:40878->a23-32-13-159.deploy.static.akamaitechnologies.com:https (ESTABLISHED)
tuic-serv 11653 root  342u     IPv4             272921      0t0    TCP jp-n01.internal.cloudapp.net:50710->a23-32-13-159.deploy.static.akamaitechnologies.com:https (ESTABLISHED)
tuic-serv 11653 root  343u     IPv4             274280      0t0    TCP jp-n01.internal.cloudapp.net:46194->a23-32-13-159.deploy.static.akamaitechnologies.com:https (ESTABLISHED)
tuic-serv 11653 root  344u     IPv4             273025      0t0    TCP jp-n01.internal.cloudapp.net:46068->a23-32-13-159.deploy.static.akamaitechnologies.com:https (ESTABLISHED)
tuic-serv 11653 root  345u     IPv4             273370      0t0    TCP jp-n01.internal.cloudapp.net:43230->a23-32-13-159.deploy.static.akamaitechnologies.com:https (ESTABLISHED)
tuic-serv 11653 root  346u     IPv4             289627      0t0    TCP jp-n01.internal.cloudapp.net:45224->a23-32-13-159.deploy.static.akamaitechnologies.com:https (ESTABLISHED)
tuic-serv 11653 root  347u     IPv4             276159      0t0    TCP jp-n01.internal.cloudapp.net:43178->a23-47-146-16.deploy.static.akamaitechnologies.com:https (ESTABLISHED)
tuic-serv 11653 root  348u     IPv4             278627      0t0    TCP jp-n01.internal.cloudapp.net:53734->a23-47-146-16.deploy.static.akamaitechnologies.com:https (ESTABLISHED)
tuic-serv 11653 root  349u     IPv4             296326      0t0    TCP jp-n01.internal.cloudapp.net:36414->a23-32-13-159.deploy.static.akamaitechnologies.com:https (ESTABLISHED)
tuic-serv 11653 root  350u     IPv4             274186      0t0    TCP jp-n01.internal.cloudapp.net:50362->a23-32-13-159.deploy.static.akamaitechnologies.com:https (ESTABLISHED)
tuic-serv 11653 root  351u     IPv4             274364      0t0    TCP jp-n01.internal.cloudapp.net:52938->a23-32-13-159.deploy.static.akamaitechnologies.com:https (ESTABLISHED)
tuic-serv 11653 root  352u     IPv4             274440      0t0    TCP jp-n01.internal.cloudapp.net:37548->a23-32-13-159.deploy.static.akamaitechnologies.com:https (ESTABLISHED)
tuic-serv 11653 root  353u     IPv4             275893      0t0    TCP jp-n01.internal.cloudapp.net:37812->a23-47-146-16.deploy.static.akamaitechnologies.com:https (ESTABLISHED)
tuic-serv 11653 root  354u     IPv4             277990      0t0    TCP jp-n01.internal.cloudapp.net:56424->a23-47-146-16.deploy.static.akamaitechnologies.com:https (ESTABLISHED)
tuic-serv 11653 root  355u     IPv4             275981      0t0    TCP jp-n01.internal.cloudapp.net:41602->a23-47-146-16.deploy.static.akamaitechnologies.com:https (ESTABLISHED)
tuic-serv 11653 root  356u     IPv4             277906      0t0    TCP jp-n01.internal.cloudapp.net:37124->a23-47-146-16.deploy.static.akamaitechnologies.com:https (ESTABLISHED)
tuic-serv 11653 root  357u     IPv4             278685      0t0    TCP jp-n01.internal.cloudapp.net:43672->a23-47-146-16.deploy.static.akamaitechnologies.com:https (ESTABLISHED)
tuic-serv 11653 root  358u     IPv4             278768      0t0    TCP jp-n01.internal.cloudapp.net:53066->a23-47-146-16.deploy.static.akamaitechnologies.com:https (ESTABLISHED)
tuic-serv 11653 root  359u     IPv4             276679      0t0    TCP jp-n01.internal.cloudapp.net:36342->a23-47-146-16.deploy.static.akamaitechnologies.com:https (ESTABLISHED)
tuic-serv 11653 root  360u     IPv4             280230      0t0    TCP jp-n01.internal.cloudapp.net:33332->a23-47-146-16.deploy.static.akamaitechnologies.com:https (ESTABLISHED)
tuic-serv 11653 root  361u     IPv4             284619      0t0    TCP jp-n01.internal.cloudapp.net:52288->a23-47-146-16.deploy.static.akamaitechnologies.com:https (ESTABLISHED)
tuic-serv 11653 root  362u     IPv4             279921      0t0    TCP jp-n01.internal.cloudapp.net:44866->a23-47-146-16.deploy.static.akamaitechnologies.com:https (ESTABLISHED)
tuic-serv 11653 root  363u     IPv4             280040      0t0    TCP jp-n01.internal.cloudapp.net:39172->a23-47-146-16.deploy.static.akamaitechnologies.com:https (ESTABLISHED)
tuic-serv 11653 root  364u     IPv4             289373      0t0    TCP jp-n01.internal.cloudapp.net:41446->a23-32-13-159.deploy.static.akamaitechnologies.com:https (ESTABLISHED)
tuic-serv 11653 root  365u     IPv4             287718      0t0    TCP jp-n01.internal.cloudapp.net:53194->a23-47-146-16.deploy.static.akamaitechnologies.com:https (ESTABLISHED)
tuic-serv 11653 root  366u     IPv4             279350      0t0    TCP jp-n01.internal.cloudapp.net:47886->a23-47-146-16.deploy.static.akamaitechnologies.com:https (ESTABLISHED)
tuic-serv 11653 root  367u     IPv4             279368      0t0    TCP jp-n01.internal.cloudapp.net:46908->a23-47-146-16.deploy.static.akamaitechnologies.com:https (ESTABLISHED)
tuic-serv 11653 root  368u     IPv4             280166      0t0    TCP jp-n01.internal.cloudapp.net:57352->a23-47-146-16.deploy.static.akamaitechnologies.com:https (ESTABLISHED)
tuic-serv 11653 root  369u     IPv4             282543      0t0    TCP jp-n01.internal.cloudapp.net:58886->a23-47-146-16.deploy.static.akamaitechnologies.com:https (ESTABLISHED)
tuic-serv 11653 root  370u     IPv4             284263      0t0    TCP jp-n01.internal.cloudapp.net:55742->a23-47-146-16.deploy.static.akamaitechnologies.com:https (ESTABLISHED)
tuic-serv 11653 root  371u     IPv4             288223      0t0    TCP jp-n01.internal.cloudapp.net:58936->a23-47-146-16.deploy.static.akamaitechnologies.com:https (ESTABLISHED)
tuic-serv 11653 root  372u     IPv4             281072      0t0    TCP jp-n01.internal.cloudapp.net:39888->a23-47-146-16.deploy.static.akamaitechnologies.com:https (ESTABLISHED)
tuic-serv 11653 root  373u     IPv4             286889      0t0    TCP jp-n01.internal.cloudapp.net:55156->a23-47-146-16.deploy.static.akamaitechnologies.com:https (ESTABLISHED)
tuic-serv 11653 root  374u     IPv4             281883      0t0    TCP jp-n01.internal.cloudapp.net:54758->a23-47-146-16.deploy.static.akamaitechnologies.com:https (ESTABLISHED)
tuic-serv 11653 root  375u     IPv4             286275      0t0    TCP jp-n01.internal.cloudapp.net:47702->a23-47-146-16.deploy.static.akamaitechnologies.com:https (ESTABLISHED)
tuic-serv 11653 root  376u     IPv4             282854      0t0    TCP jp-n01.internal.cloudapp.net:35664->a23-47-146-16.deploy.static.akamaitechnologies.com:https (ESTABLISHED)
tuic-serv 11653 root  377u     IPv4             295437      0t0    TCP jp-n01.internal.cloudapp.net:39538->a23-32-13-159.deploy.static.akamaitechnologies.com:https (ESTABLISHED)
tuic-serv 11653 root  378u     IPv4             282191      0t0    TCP jp-n01.internal.cloudapp.net:41830->a23-47-146-16.deploy.static.akamaitechnologies.com:https (ESTABLISHED)
tuic-serv 11653 root  379u     IPv4             282300      0t0    TCP jp-n01.internal.cloudapp.net:45814->a23-47-146-16.deploy.static.akamaitechnologies.com:https (ESTABLISHED)
tuic-serv 11653 root  380u     IPv4             284098      0t0    TCP jp-n01.internal.cloudapp.net:45616->a23-47-146-16.deploy.static.akamaitechnologies.com:https (ESTABLISHED)
tuic-serv 11653 root  381u     IPv4             288922      0t0    TCP jp-n01.internal.cloudapp.net:56400->a23-47-146-16.deploy.static.akamaitechnologies.com:https (ESTABLISHED)
tuic-serv 11653 root  382u     IPv4             307773      0t0    TCP jp-n01.internal.cloudapp.net:59398->a23-47-146-16.deploy.static.akamaitechnologies.com:https (ESTABLISHED)
tuic-serv 11653 root  383u     IPv4             284775      0t0    TCP jp-n01.internal.cloudapp.net:56512->a23-47-146-16.deploy.static.akamaitechnologies.com:https (ESTABLISHED)
tuic-serv 11653 root  384u     IPv4             285165      0t0    TCP jp-n01.internal.cloudapp.net:36580->a23-47-146-16.deploy.static.akamaitechnologies.com:https (ESTABLISHED)
tuic-serv 11653 root  385u     IPv4             284846      0t0    TCP jp-n01.internal.cloudapp.net:49238->a23-47-146-16.deploy.static.akamaitechnologies.com:https (ESTABLISHED)
tuic-serv 11653 root  386u     IPv4             285005      0t0    TCP jp-n01.internal.cloudapp.net:52644->a23-47-146-16.deploy.static.akamaitechnologies.com:https (ESTABLISHED)
tuic-serv 11653 root  387u     IPv4             287138      0t0    TCP jp-n01.internal.cloudapp.net:49942->a23-47-146-16.deploy.static.akamaitechnologies.com:https (ESTABLISHED)
tuic-serv 11653 root  388u     IPv4             287448      0t0    TCP jp-n01.internal.cloudapp.net:35306->a23-47-146-16.deploy.static.akamaitechnologies.com:https (ESTABLISHED)
tuic-serv 11653 root  389u     IPv4             290881      0t0    TCP jp-n01.internal.cloudapp.net:46634->a23-32-13-159.deploy.static.akamaitechnologies.com:https (ESTABLISHED)
tuic-serv 11653 root  390u     IPv4             302394      0t0    TCP jp-n01.internal.cloudapp.net:53756->a104-71-141-50.deploy.static.akamaitechnologies.com:https (ESTABLISHED)
tuic-serv 11653 root  391u     IPv4             312229      0t0    TCP jp-n01.internal.cloudapp.net:45916->a104-71-141-50.deploy.static.akamaitechnologies.com:https (ESTABLISHED)
tuic-serv 11653 root  392u     IPv4             291484      0t0    TCP jp-n01.internal.cloudapp.net:37280->a23-32-13-159.deploy.static.akamaitechnologies.com:https (ESTABLISHED)
tuic-serv 11653 root  393u     IPv4             288384      0t0    TCP jp-n01.internal.cloudapp.net:51908->a23-47-146-16.deploy.static.akamaitechnologies.com:https (ESTABLISHED)
tuic-serv 11653 root  394u     IPv4             289164      0t0    TCP jp-n01.internal.cloudapp.net:52706->a23-32-13-159.deploy.static.akamaitechnologies.com:https (ESTABLISHED)
tuic-serv 11653 root  395u     IPv4             291971      0t0    TCP jp-n01.internal.cloudapp.net:50126->a23-32-13-159.deploy.static.akamaitechnologies.com:https (ESTABLISHED)
tuic-serv 11653 root  396u     IPv4             289189      0t0    TCP jp-n01.internal.cloudapp.net:49744->a23-32-13-159.deploy.static.akamaitechnologies.com:https (ESTABLISHED)
tuic-serv 11653 root  397u     IPv4             289870      0t0    TCP jp-n01.internal.cloudapp.net:35676->a23-32-13-159.deploy.static.akamaitechnologies.com:https (ESTABLISHED)
tuic-serv 11653 root  398u     IPv4             313934      0t0    TCP jp-n01.internal.cloudapp.net:50818->a104-71-141-50.deploy.static.akamaitechnologies.com:https (ESTABLISHED)
tuic-serv 11653 root  399u     IPv4             290790      0t0    TCP jp-n01.internal.cloudapp.net:55158->a23-32-13-159.deploy.static.akamaitechnologies.com:https (ESTABLISHED)
tuic-serv 11653 root  400u     IPv4             293391      0t0    TCP jp-n01.internal.cloudapp.net:50050->a23-32-13-159.deploy.static.akamaitechnologies.com:https (ESTABLISHED)
tuic-serv 11653 root  401u     IPv4             290840      0t0    TCP jp-n01.internal.cloudapp.net:54562->a23-32-13-159.deploy.static.akamaitechnologies.com:https (ESTABLISHED)
tuic-serv 11653 root  402u     IPv4             293061      0t0    TCP jp-n01.internal.cloudapp.net:51014->a23-32-13-159.deploy.static.akamaitechnologies.com:https (ESTABLISHED)
tuic-serv 11653 root  403u     IPv4             293500      0t0    TCP jp-n01.internal.cloudapp.net:56730->a23-32-13-159.deploy.static.akamaitechnologies.com:https (ESTABLISHED)
tuic-serv 11653 root  404u     IPv4             313401      0t0    TCP jp-n01.internal.cloudapp.net:56694->a104-71-141-50.deploy.static.akamaitechnologies.com:https (ESTABLISHED)
tuic-serv 11653 root  405u     IPv4             291749      0t0    TCP jp-n01.internal.cloudapp.net:60624->a23-32-13-159.deploy.static.akamaitechnologies.com:https (ESTABLISHED)
tuic-serv 11653 root  406u     IPv4             292264      0t0    TCP jp-n01.internal.cloudapp.net:34064->a23-32-13-159.deploy.static.akamaitechnologies.com:https (ESTABLISHED)
tuic-serv 11653 root  407u     IPv4             294785      0t0    TCP jp-n01.internal.cloudapp.net:50404->a23-32-13-159.deploy.static.akamaitechnologies.com:https (ESTABLISHED)
tuic-serv 11653 root  408u     IPv4             295254      0t0    TCP jp-n01.internal.cloudapp.net:60962->a23-32-13-159.deploy.static.akamaitechnologies.com:https (ESTABLISHED)
tuic-serv 11653 root  409u     IPv4             306645      0t0    TCP jp-n01.internal.cloudapp.net:56554->a23-47-146-16.deploy.static.akamaitechnologies.com:https (ESTABLISHED)
tuic-serv 11653 root  410u     IPv4             300767      0t0    TCP jp-n01.internal.cloudapp.net:51848->a104-71-141-50.deploy.static.akamaitechnologies.com:https (ESTABLISHED)
tuic-serv 11653 root  411u     IPv4             295085      0t0    TCP jp-n01.internal.cloudapp.net:51202->a23-32-13-159.deploy.static.akamaitechnologies.com:https (ESTABLISHED)
tuic-serv 11653 root  412u     IPv4             293621      0t0    TCP jp-n01.internal.cloudapp.net:45214->a23-32-13-159.deploy.static.akamaitechnologies.com:https (ESTABLISHED)
tuic-serv 11653 root  413u     IPv4             292397      0t0    TCP jp-n01.internal.cloudapp.net:58556->a23-32-13-159.deploy.static.akamaitechnologies.com:https (ESTABLISHED)
tuic-serv 11653 root  414u     IPv4             298000      0t0    TCP jp-n01.internal.cloudapp.net:58472->a23-32-13-159.deploy.static.akamaitechnologies.com:https (ESTABLISHED)
tuic-serv 11653 root  415u     IPv4             292502      0t0    TCP jp-n01.internal.cloudapp.net:51184->a23-32-13-159.deploy.static.akamaitechnologies.com:https (ESTABLISHED)
tuic-serv 11653 root  416u     IPv4             296756      0t0    TCP jp-n01.internal.cloudapp.net:49302->a23-32-13-159.deploy.static.akamaitechnologies.com:https (ESTABLISHED)
tuic-serv 11653 root  417u     IPv4             293754      0t0    TCP jp-n01.internal.cloudapp.net:48908->a23-32-13-159.deploy.static.akamaitechnologies.com:https (ESTABLISHED)
tuic-serv 11653 root  418u     IPv4             294052      0t0    TCP jp-n01.internal.cloudapp.net:49066->a23-32-13-159.deploy.static.akamaitechnologies.com:https (ESTABLISHED)
tuic-serv 11653 root  419u     IPv4             292833      0t0    TCP jp-n01.internal.cloudapp.net:55474->a23-32-13-159.deploy.static.akamaitechnologies.com:https (ESTABLISHED)
tuic-serv 11653 root  420u     IPv4             292921      0t0    TCP jp-n01.internal.cloudapp.net:52962->a23-32-13-159.deploy.static.akamaitechnologies.com:https (ESTABLISHED)
tuic-serv 11653 root  421u     IPv4             296344      0t0    TCP jp-n01.internal.cloudapp.net:45302->a23-32-13-159.deploy.static.akamaitechnologies.com:https (ESTABLISHED)
tuic-serv 11653 root  422u     IPv4             298273      0t0    TCP jp-n01.internal.cloudapp.net:55034->a23-32-13-159.deploy.static.akamaitechnologies.com:https (ESTABLISHED)
tuic-serv 11653 root  423u     IPv4             294169      0t0    TCP jp-n01.internal.cloudapp.net:48648->a23-32-13-159.deploy.static.akamaitechnologies.com:https (ESTABLISHED)
tuic-serv 11653 root  424u     IPv4             318776      0t0    TCP jp-n01.internal.cloudapp.net:45390->a104-71-141-50.deploy.static.akamaitechnologies.com:https (ESTABLISHED)
tuic-serv 11653 root  425u     IPv4             303231      0t0    TCP jp-n01.internal.cloudapp.net:34738->a104-71-141-50.deploy.static.akamaitechnologies.com:https (ESTABLISHED)
tuic-serv 11653 root  426u     IPv4             296499      0t0    TCP jp-n01.internal.cloudapp.net:58646->a23-32-13-159.deploy.static.akamaitechnologies.com:https (ESTABLISHED)
tuic-serv 11653 root  427u     IPv4             295102      0t0    TCP jp-n01.internal.cloudapp.net:51200->a23-32-13-159.deploy.static.akamaitechnologies.com:https (ESTABLISHED)
tuic-serv 11653 root  428u     IPv4             297780      0t0    TCP jp-n01.internal.cloudapp.net:36602->a23-32-13-159.deploy.static.akamaitechnologies.com:https (ESTABLISHED)
tuic-serv 11653 root  429u     IPv4             300114      0t0    TCP jp-n01.internal.cloudapp.net:36012->a104-71-141-50.deploy.static.akamaitechnologies.com:https (ESTABLISHED)
tuic-serv 11653 root  430u     IPv4             300227      0t0    TCP jp-n01.internal.cloudapp.net:36550->a104-71-141-50.deploy.static.akamaitechnologies.com:https (ESTABLISHED)
tuic-serv 11653 root  431u     IPv4             297809      0t0    TCP jp-n01.internal.cloudapp.net:57018->a23-32-13-159.deploy.static.akamaitechnologies.com:https (ESTABLISHED)
tuic-serv 11653 root  432u     IPv4             298440      0t0    TCP jp-n01.internal.cloudapp.net:34298->a23-32-13-159.deploy.static.akamaitechnologies.com:https (ESTABLISHED)
tuic-serv 11653 root  433u     IPv4             299912      0t0    TCP jp-n01.internal.cloudapp.net:59462->a104-71-141-50.deploy.static.akamaitechnologies.com:https (ESTABLISHED)
tuic-serv 11653 root  434u     IPv4             297335      0t0    TCP jp-n01.internal.cloudapp.net:40406->a23-32-13-159.deploy.static.akamaitechnologies.com:https (ESTABLISHED)
tuic-serv 11653 root  435u     IPv4             297366      0t0    TCP jp-n01.internal.cloudapp.net:58838->a23-32-13-159.deploy.static.akamaitechnologies.com:https (ESTABLISHED)
tuic-serv 11653 root  436u     IPv4             298656      0t0    TCP jp-n01.internal.cloudapp.net:46960->a23-32-13-159.deploy.static.akamaitechnologies.com:https (ESTABLISHED)
tuic-serv 11653 root  437u     IPv4             297457      0t0    TCP jp-n01.internal.cloudapp.net:45984->a23-32-13-159.deploy.static.akamaitechnologies.com:https (ESTABLISHED)
tuic-serv 11653 root  438u     IPv4             297478      0t0    TCP jp-n01.internal.cloudapp.net:57142->a23-32-13-159.deploy.static.akamaitechnologies.com:https (ESTABLISHED)
tuic-serv 11653 root  439u     IPv4             297881      0t0    TCP jp-n01.internal.cloudapp.net:40580->a23-32-13-159.deploy.static.akamaitechnologies.com:https (ESTABLISHED)
tuic-serv 11653 root  440u     IPv4             299182      0t0    TCP jp-n01.internal.cloudapp.net:42060->a104-71-141-50.deploy.static.akamaitechnologies.com:https (ESTABLISHED)
tuic-serv 11653 root  441u     IPv4             298443      0t0    TCP jp-n01.internal.cloudapp.net:34312->a23-32-13-159.deploy.static.akamaitechnologies.com:https (ESTABLISHED)
tuic-serv 11653 root  442u     IPv4             302055      0t0    TCP jp-n01.internal.cloudapp.net:55172->a104-71-141-50.deploy.static.akamaitechnologies.com:https (ESTABLISHED)
tuic-serv 11653 root  443u     IPv4             301658      0t0    TCP jp-n01.internal.cloudapp.net:34754->a104-71-141-50.deploy.static.akamaitechnologies.com:https (ESTABLISHED)
tuic-serv 11653 root  444u     IPv4             299571      0t0    TCP jp-n01.internal.cloudapp.net:58544->a104-71-141-50.deploy.static.akamaitechnologies.com:https (ESTABLISHED)
tuic-serv 11653 root  445u     IPv4             320522      0t0    TCP jp-n01.internal.cloudapp.net:38712->a104-71-141-50.deploy.static.akamaitechnologies.com:https (ESTABLISHED)
tuic-serv 11653 root  446u     IPv4             299677      0t0    TCP jp-n01.internal.cloudapp.net:39612->a104-71-141-50.deploy.static.akamaitechnologies.com:https (ESTABLISHED)
tuic-serv 11653 root  447u     IPv4             299716      0t0    TCP jp-n01.internal.cloudapp.net:60928->a104-71-141-50.deploy.static.akamaitechnologies.com:https (ESTABLISHED)
tuic-serv 11653 root  448u     IPv4             310167      0t0    TCP jp-n01.internal.cloudapp.net:58872->a23-47-146-16.deploy.static.akamaitechnologies.com:https (ESTABLISHED)
tuic-serv 11653 root  449u     IPv4             301393      0t0    TCP jp-n01.internal.cloudapp.net:44410->a104-71-141-50.deploy.static.akamaitechnologies.com:https (ESTABLISHED)
tuic-serv 11653 root  450u     IPv4             309202      0t0    TCP jp-n01.internal.cloudapp.net:43644->a23-47-146-16.deploy.static.akamaitechnologies.com:https (ESTABLISHED)
tuic-serv 11653 root  451u     IPv4             300341      0t0    TCP jp-n01.internal.cloudapp.net:43442->a104-71-141-50.deploy.static.akamaitechnologies.com:https (ESTABLISHED)
tuic-serv 11653 root  452u     IPv4             300507      0t0    TCP jp-n01.internal.cloudapp.net:54612->a104-71-141-50.deploy.static.akamaitechnologies.com:https (ESTABLISHED)
tuic-serv 11653 root  453u     IPv4             300549      0t0    TCP jp-n01.internal.cloudapp.net:45868->a104-71-141-50.deploy.static.akamaitechnologies.com:https (ESTABLISHED)
tuic-serv 11653 root  454u     IPv4             318055      0t0    TCP jp-n01.internal.cloudapp.net:39798->a104-71-141-50.deploy.static.akamaitechnologies.com:https (ESTABLISHED)
tuic-serv 11653 root  455u     IPv4             320341      0t0    TCP jp-n01.internal.cloudapp.net:53090->a104-71-141-50.deploy.static.akamaitechnologies.com:https (ESTABLISHED)
tuic-serv 11653 root  456u     IPv4             314532      0t0    TCP jp-n01.internal.cloudapp.net:35546->a104-71-141-50.deploy.static.akamaitechnologies.com:https (ESTABLISHED)
tuic-serv 11653 root  457u     IPv4             301983      0t0    TCP jp-n01.internal.cloudapp.net:33006->a104-71-141-50.deploy.static.akamaitechnologies.com:https (ESTABLISHED)
tuic-serv 11653 root  458u     IPv4             302629      0t0    TCP jp-n01.internal.cloudapp.net:50316->a104-71-141-50.deploy.static.akamaitechnologies.com:https (ESTABLISHED)
tuic-serv 11653 root  459u     IPv4             329591      0t0    TCP jp-n01.internal.cloudapp.net:56956->a104-71-141-50.deploy.static.akamaitechnologies.com:https (ESTABLISHED)
tuic-serv 11653 root  460u     IPv4             301913      0t0    TCP jp-n01.internal.cloudapp.net:43786->a104-71-141-50.deploy.static.akamaitechnologies.com:https (ESTABLISHED)
tuic-serv 11653 root  461u     IPv4             303321      0t0    TCP jp-n01.internal.cloudapp.net:38902->a104-71-141-50.deploy.static.akamaitechnologies.com:https (ESTABLISHED)
tuic-serv 11653 root  462u     IPv4             301958      0t0    TCP jp-n01.internal.cloudapp.net:34412->a104-71-141-50.deploy.static.akamaitechnologies.com:https (ESTABLISHED)
tuic-serv 11653 root  463u     IPv4             302893      0t0    TCP jp-n01.internal.cloudapp.net:40342->a104-71-141-50.deploy.static.akamaitechnologies.com:https (ESTABLISHED)
tuic-serv 11653 root  464u     IPv4             302011      0t0    TCP jp-n01.internal.cloudapp.net:39132->a104-71-141-50.deploy.static.akamaitechnologies.com:https (ESTABLISHED)
tuic-serv 11653 root  465u     IPv4             302130      0t0    TCP jp-n01.internal.cloudapp.net:51110->a104-71-141-50.deploy.static.akamaitechnologies.com:https (ESTABLISHED)
tuic-serv 11653 root  466u     IPv4             302469      0t0    TCP jp-n01.internal.cloudapp.net:47498->a104-71-141-50.deploy.static.akamaitechnologies.com:https (ESTABLISHED)
tuic-serv 11653 root  467u     IPv4             302174      0t0    TCP jp-n01.internal.cloudapp.net:40372->a104-71-141-50.deploy.static.akamaitechnologies.com:https (ESTABLISHED)
tuic-serv 11653 root  468u     IPv4             302681      0t0    TCP jp-n01.internal.cloudapp.net:43746->a104-71-141-50.deploy.static.akamaitechnologies.com:https (ESTABLISHED)
tuic-serv 11653 root  469u     IPv4             303554      0t0    TCP jp-n01.internal.cloudapp.net:50772->a104-71-141-50.deploy.static.akamaitechnologies.com:https (ESTABLISHED)
tuic-serv 11653 root  470u     IPv4             309545      0t0    TCP jp-n01.internal.cloudapp.net:33568->a23-47-146-16.deploy.static.akamaitechnologies.com:https (ESTABLISHED)
tuic-serv 11653 root  471u     IPv4             303126      0t0    TCP jp-n01.internal.cloudapp.net:52346->a104-71-141-50.deploy.static.akamaitechnologies.com:https (ESTABLISHED)
tuic-serv 11653 root  472u     IPv4             303366      0t0    TCP jp-n01.internal.cloudapp.net:43802->a104-71-141-50.deploy.static.akamaitechnologies.com:https (ESTABLISHED)
tuic-serv 11653 root  473u     IPv4             303647      0t0    TCP jp-n01.internal.cloudapp.net:57556->a104-71-141-50.deploy.static.akamaitechnologies.com:https (ESTABLISHED)
tuic-serv 11653 root  474u     IPv4             303673      0t0    TCP jp-n01.internal.cloudapp.net:39970->a104-71-141-50.deploy.static.akamaitechnologies.com:https (ESTABLISHED)
tuic-serv 11653 root  475u     IPv4             303993      0t0    TCP jp-n01.internal.cloudapp.net:43998->a23-47-146-16.deploy.static.akamaitechnologies.com:https (ESTABLISHED)
tuic-serv 11653 root  476u     IPv4             311186      0t0    TCP jp-n01.internal.cloudapp.net:57440->a23-47-146-16.deploy.static.akamaitechnologies.com:https (ESTABLISHED)
tuic-serv 11653 root  477u     IPv4             307890      0t0    TCP jp-n01.internal.cloudapp.net:52826->a23-47-146-16.deploy.static.akamaitechnologies.com:https (ESTABLISHED)
tuic-serv 11653 root  478u     IPv4             307908      0t0    TCP jp-n01.internal.cloudapp.net:51998->a23-47-146-16.deploy.static.akamaitechnologies.com:https (ESTABLISHED)
tuic-serv 11653 root  479u     IPv4             304072      0t0    TCP jp-n01.internal.cloudapp.net:35608->a23-47-146-16.deploy.static.akamaitechnologies.com:https (ESTABLISHED)
tuic-serv 11653 root  480u     IPv4             304644      0t0    TCP jp-n01.internal.cloudapp.net:53644->a23-47-146-16.deploy.static.akamaitechnologies.com:https (ESTABLISHED)
tuic-serv 11653 root  481u     IPv4             333862      0t0    TCP jp-n01.internal.cloudapp.net:60346->a23-32-13-159.deploy.static.akamaitechnologies.com:https (ESTABLISHED)
tuic-serv 11653 root  482u     IPv4             308096      0t0    TCP jp-n01.internal.cloudapp.net:50190->a23-47-146-16.deploy.static.akamaitechnologies.com:https (ESTABLISHED)
tuic-serv 11653 root  483u     IPv4             307975      0t0    TCP jp-n01.internal.cloudapp.net:40612->a23-47-146-16.deploy.static.akamaitechnologies.com:https (ESTABLISHED)
tuic-serv 11653 root  484u     IPv4             311351      0t0    TCP jp-n01.internal.cloudapp.net:50446->a23-47-146-16.deploy.static.akamaitechnologies.com:https (ESTABLISHED)
tuic-serv 11653 root  485u     IPv4             309334      0t0    TCP jp-n01.internal.cloudapp.net:39900->a23-47-146-16.deploy.static.akamaitechnologies.com:https (ESTABLISHED)
tuic-serv 11653 root  486u     IPv4             334677      0t0    TCP jp-n01.internal.cloudapp.net:33478->a23-32-13-159.deploy.static.akamaitechnologies.com:https (ESTABLISHED)
tuic-serv 11653 root  487u     IPv4             315468      0t0    TCP jp-n01.internal.cloudapp.net:38132->a104-71-141-50.deploy.static.akamaitechnologies.com:https (ESTABLISHED)
tuic-serv 11653 root  488u     IPv4             311459      0t0    TCP jp-n01.internal.cloudapp.net:54438->a23-47-146-16.deploy.static.akamaitechnologies.com:https (ESTABLISHED)
tuic-serv 11653 root  489u     IPv4             308334      0t0    TCP jp-n01.internal.cloudapp.net:35162->a23-47-146-16.deploy.static.akamaitechnologies.com:https (ESTABLISHED)
tuic-serv 11653 root  490u     IPv4             316818      0t0    TCP jp-n01.internal.cloudapp.net:41404->a104-71-141-50.deploy.static.akamaitechnologies.com:https (ESTABLISHED)
tuic-serv 11653 root  491u     IPv4             308495      0t0    TCP jp-n01.internal.cloudapp.net:40434->a23-47-146-16.deploy.static.akamaitechnologies.com:https (ESTABLISHED)
tuic-serv 11653 root  492u     IPv4             318287      0t0    TCP jp-n01.internal.cloudapp.net:37084->a104-71-141-50.deploy.static.akamaitechnologies.com:https (ESTABLISHED)
tuic-serv 11653 root  493u     IPv4             308570      0t0    TCP jp-n01.internal.cloudapp.net:34200->a23-47-146-16.deploy.static.akamaitechnologies.com:https (ESTABLISHED)
tuic-serv 11653 root  494u     IPv4             308630      0t0    TCP jp-n01.internal.cloudapp.net:36624->a23-47-146-16.deploy.static.akamaitechnologies.com:https (ESTABLISHED)
tuic-serv 11653 root  495u     IPv4             311004      0t0    TCP jp-n01.internal.cloudapp.net:42312->a23-47-146-16.deploy.static.akamaitechnologies.com:https (ESTABLISHED)
tuic-serv 11653 root  496u     IPv4             392438      0t0    TCP jp-n01.internal.cloudapp.net:40868->a104-71-141-50.deploy.static.akamaitechnologies.com:https (ESTABLISHED)
tuic-serv 11653 root  497u     IPv4             308693      0t0    TCP jp-n01.internal.cloudapp.net:52142->a23-47-146-16.deploy.static.akamaitechnologies.com:https (ESTABLISHED)
tuic-serv 11653 root  498u     IPv4             308775      0t0    TCP jp-n01.internal.cloudapp.net:38054->a23-47-146-16.deploy.static.akamaitechnologies.com:https (ESTABLISHED)
tuic-serv 11653 root  499u     IPv4             309596      0t0    TCP jp-n01.internal.cloudapp.net:54924->a23-47-146-16.deploy.static.akamaitechnologies.com:https (ESTABLISHED)
tuic-serv 11653 root  500u     IPv4             319637      0t0    TCP jp-n01.internal.cloudapp.net:59362->a104-71-141-50.deploy.static.akamaitechnologies.com:https (ESTABLISHED)
tuic-serv 11653 root  501u     IPv4             310089      0t0    TCP jp-n01.internal.cloudapp.net:54854->a23-47-146-16.deploy.static.akamaitechnologies.com:https (ESTABLISHED)
tuic-serv 11653 root  502u     IPv4             310392      0t0    TCP jp-n01.internal.cloudapp.net:33236->a23-47-146-16.deploy.static.akamaitechnologies.com:https (ESTABLISHED)
tuic-serv 11653 root  503u     IPv4             311121      0t0    TCP jp-n01.internal.cloudapp.net:59286->a23-47-146-16.deploy.static.akamaitechnologies.com:https (ESTABLISHED)
tuic-serv 11653 root  504u     IPv4             311124      0t0    TCP jp-n01.internal.cloudapp.net:59298->a23-47-146-16.deploy.static.akamaitechnologies.com:https (ESTABLISHED)
tuic-serv 11653 root  505u     IPv4             311392      0t0    TCP jp-n01.internal.cloudapp.net:51508->a23-47-146-16.deploy.static.akamaitechnologies.com:https (ESTABLISHED)
tuic-serv 11653 root  506u     IPv4             318624      0t0    TCP jp-n01.internal.cloudapp.net:52750->a104-71-141-50.deploy.static.akamaitechnologies.com:https (ESTABLISHED)
tuic-serv 11653 root  507u     IPv4             316378      0t0    TCP jp-n01.internal.cloudapp.net:43440->a104-71-141-50.deploy.static.akamaitechnologies.com:https (ESTABLISHED)
tuic-serv 11653 root  508u     IPv4             312290      0t0    TCP jp-n01.internal.cloudapp.net:51236->a104-71-141-50.deploy.static.akamaitechnologies.com:https (ESTABLISHED)
tuic-serv 11653 root  509u     IPv4             316603      0t0    TCP jp-n01.internal.cloudapp.net:49798->a104-71-141-50.deploy.static.akamaitechnologies.com:https (ESTABLISHED)
tuic-serv 11653 root  510u     IPv4             311783      0t0    TCP jp-n01.internal.cloudapp.net:53398->a23-47-146-16.deploy.static.akamaitechnologies.com:https (ESTABLISHED)
tuic-serv 11653 root  511u     IPv4             312444      0t0    TCP jp-n01.internal.cloudapp.net:40756->a104-71-141-50.deploy.static.akamaitechnologies.com:https (ESTABLISHED)
tuic-serv 11653 root  512u     IPv4             338527      0t0    TCP jp-n01.internal.cloudapp.net:47088->a104-71-141-50.deploy.static.akamaitechnologies.com:https (ESTABLISHED)
tuic-serv 11653 root  513u     IPv4             336018      0t0    TCP jp-n01.internal.cloudapp.net:53392->a104-71-141-50.deploy.static.akamaitechnologies.com:https (ESTABLISHED)
tuic-serv 11653 root  514u     IPv4             313000      0t0    TCP jp-n01.internal.cloudapp.net:42734->a104-71-141-50.deploy.static.akamaitechnologies.com:https (ESTABLISHED)
tuic-serv 11653 root  515u     IPv4             317565      0t0    TCP jp-n01.internal.cloudapp.net:42786->a104-71-141-50.deploy.static.akamaitechnologies.com:https (ESTABLISHED)
tuic-serv 11653 root  516u     IPv4             314843      0t0    TCP jp-n01.internal.cloudapp.net:43912->a104-71-141-50.deploy.static.akamaitechnologies.com:https (ESTABLISHED)
tuic-serv 11653 root  517u     IPv4             321092      0t0    TCP jp-n01.internal.cloudapp.net:40748->a104-71-141-50.deploy.static.akamaitechnologies.com:https (ESTABLISHED)
tuic-serv 11653 root  518u     IPv4             313207      0t0    TCP jp-n01.internal.cloudapp.net:48122->a104-71-141-50.deploy.static.akamaitechnologies.com:https (ESTABLISHED)
tuic-serv 11653 root  519u     IPv4             313242      0t0    TCP jp-n01.internal.cloudapp.net:35060->a104-71-141-50.deploy.static.akamaitechnologies.com:https (ESTABLISHED)
tuic-serv 11653 root  520u     IPv4             327145      0t0    TCP jp-n01.internal.cloudapp.net:44940->a23-32-13-159.deploy.static.akamaitechnologies.com:https (ESTABLISHED)
tuic-serv 11653 root  521u     IPv4             314888      0t0    TCP jp-n01.internal.cloudapp.net:34338->a104-71-141-50.deploy.static.akamaitechnologies.com:https (ESTABLISHED)
tuic-serv 11653 root  522u     IPv4             315006      0t0    TCP jp-n01.internal.cloudapp.net:34554->a104-71-141-50.deploy.static.akamaitechnologies.com:https (ESTABLISHED)
tuic-serv 11653 root  523u     IPv4             318718      0t0    TCP jp-n01.internal.cloudapp.net:59162->a104-71-141-50.deploy.static.akamaitechnologies.com:https (ESTABLISHED)
tuic-serv 11653 root  524u     IPv4             318794      0t0    TCP jp-n01.internal.cloudapp.net:45404->a104-71-141-50.deploy.static.akamaitechnologies.com:https (ESTABLISHED)
tuic-serv 11653 root  525u     IPv4             318797      0t0    TCP jp-n01.internal.cloudapp.net:45410->a104-71-141-50.deploy.static.akamaitechnologies.com:https (ESTABLISHED)
tuic-serv 11653 root  526u     IPv4             366907      0t0    TCP jp-n01.internal.cloudapp.net:55136->a104-71-141-50.deploy.static.akamaitechnologies.com:https (ESTABLISHED)
tuic-serv 11653 root  527u     IPv4             321121      0t0    TCP jp-n01.internal.cloudapp.net:43334->a104-71-141-50.deploy.static.akamaitechnologies.com:https (ESTABLISHED)
tuic-serv 11653 root  528u     IPv4             317644      0t0    TCP jp-n01.internal.cloudapp.net:34912->a104-71-141-50.deploy.static.akamaitechnologies.com:https (ESTABLISHED)
tuic-serv 11653 root  529u     IPv4             318946      0t0    TCP jp-n01.internal.cloudapp.net:42440->a104-71-141-50.deploy.static.akamaitechnologies.com:https (ESTABLISHED)
tuic-serv 11653 root  530u     IPv4             318957      0t0    TCP jp-n01.internal.cloudapp.net:50402->a104-71-141-50.deploy.static.akamaitechnologies.com:https (ESTABLISHED)
tuic-serv 11653 root  531u     IPv4             320635      0t0    TCP jp-n01.internal.cloudapp.net:47322->a104-71-141-50.deploy.static.akamaitechnologies.com:https (ESTABLISHED)
tuic-serv 11653 root  532u     IPv4             320684      0t0    TCP jp-n01.internal.cloudapp.net:50960->a104-71-141-50.deploy.static.akamaitechnologies.com:https (ESTABLISHED)
tuic-serv 11653 root  533u     IPv4             329858      0t0    TCP jp-n01.internal.cloudapp.net:60402->a104-71-141-50.deploy.static.akamaitechnologies.com:https (ESTABLISHED)
tuic-serv 11653 root  534u     IPv4             319161      0t0    TCP jp-n01.internal.cloudapp.net:60626->a104-71-141-50.deploy.static.akamaitechnologies.com:https (ESTABLISHED)
tuic-serv 11653 root  535u     IPv4             331139      0t0    TCP jp-n01.internal.cloudapp.net:47972->a104-71-141-50.deploy.static.akamaitechnologies.com:https (ESTABLISHED)
tuic-serv 11653 root  536u     IPv4             319370      0t0    TCP jp-n01.internal.cloudapp.net:49754->a104-71-141-50.deploy.static.akamaitechnologies.com:https (ESTABLISHED)
tuic-serv 11653 root  537u     IPv4             320865      0t0    TCP jp-n01.internal.cloudapp.net:39204->a104-71-141-50.deploy.static.akamaitechnologies.com:https (ESTABLISHED)
tuic-serv 11653 root  538u     IPv4             319567      0t0    TCP jp-n01.internal.cloudapp.net:48888->a104-71-141-50.deploy.static.akamaitechnologies.com:https (ESTABLISHED)
tuic-serv 11653 root  539u     IPv4             319905      0t0    TCP jp-n01.internal.cloudapp.net:45592->a104-71-141-50.deploy.static.akamaitechnologies.com:https (ESTABLISHED)
tuic-serv 11653 root  540u     IPv4             320254      0t0    TCP jp-n01.internal.cloudapp.net:38108->a104-71-141-50.deploy.static.akamaitechnologies.com:https (ESTABLISHED)
tuic-serv 11653 root  541u     IPv4             322598      0t0    TCP jp-n01.internal.cloudapp.net:58020->a23-32-13-159.deploy.static.akamaitechnologies.com:https (ESTABLISHED)
tuic-serv 11653 root  542u     IPv4             336426      0t0    TCP jp-n01.internal.cloudapp.net:33320->a104-71-141-50.deploy.static.akamaitechnologies.com:https (ESTABLISHED)
tuic-serv 11653 root  543u     IPv4             323320      0t0    TCP jp-n01.internal.cloudapp.net:50412->a23-32-13-159.deploy.static.akamaitechnologies.com:https (ESTABLISHED)
tuic-serv 11653 root  544u     IPv4             328223      0t0    TCP jp-n01.internal.cloudapp.net:57810->a23-32-13-159.deploy.static.akamaitechnologies.com:https (ESTABLISHED)
tuic-serv 11653 root  545u     IPv4             327762      0t0    TCP jp-n01.internal.cloudapp.net:42218->a23-32-13-159.deploy.static.akamaitechnologies.com:https (ESTABLISHED)
tuic-serv 11653 root  546u     IPv4             320906      0t0    TCP jp-n01.internal.cloudapp.net:35892->a104-71-141-50.deploy.static.akamaitechnologies.com:https (ESTABLISHED)
tuic-serv 11653 root  547u     IPv4             321847      0t0    TCP jp-n01.internal.cloudapp.net:46682->a23-32-13-159.deploy.static.akamaitechnologies.com:https (ESTABLISHED)
tuic-serv 11653 root  548u     IPv4             321046      0t0    TCP jp-n01.internal.cloudapp.net:38926->a104-71-141-50.deploy.static.akamaitechnologies.com:https (ESTABLISHED)
tuic-serv 11653 root  549u     IPv4             321361      0t0    TCP jp-n01.internal.cloudapp.net:56132->a104-71-141-50.deploy.static.akamaitechnologies.com:https (ESTABLISHED)
tuic-serv 11653 root  550u     IPv4             321965      0t0    TCP jp-n01.internal.cloudapp.net:58954->a23-32-13-159.deploy.static.akamaitechnologies.com:https (ESTABLISHED)
tuic-serv 11653 root  551u     IPv4             322993      0t0    TCP jp-n01.internal.cloudapp.net:40592->a23-32-13-159.deploy.static.akamaitechnologies.com:https (ESTABLISHED)
tuic-serv 11653 root  552u     IPv4             322304      0t0    TCP jp-n01.internal.cloudapp.net:53718->a23-32-13-159.deploy.static.akamaitechnologies.com:https (ESTABLISHED)
tuic-serv 11653 root  553u     IPv4             322120      0t0    TCP jp-n01.internal.cloudapp.net:38638->a23-32-13-159.deploy.static.akamaitechnologies.com:https (ESTABLISHED)
tuic-serv 11653 root  554u     IPv4             325993      0t0    TCP jp-n01.internal.cloudapp.net:48164->a23-32-13-159.deploy.static.akamaitechnologies.com:https (ESTABLISHED)
tuic-serv 11653 root  555u     IPv4             324655      0t0    TCP jp-n01.internal.cloudapp.net:40502->a23-32-13-159.deploy.static.akamaitechnologies.com:https (ESTABLISHED)
tuic-serv 11653 root  556u     IPv4             334718      0t0    TCP jp-n01.internal.cloudapp.net:60562->a23-32-13-159.deploy.static.akamaitechnologies.com:https (ESTABLISHED)
tuic-serv 11653 root  557u     IPv4             322375      0t0    TCP jp-n01.internal.cloudapp.net:32886->a23-32-13-159.deploy.static.akamaitechnologies.com:https (ESTABLISHED)
tuic-serv 11653 root  558u     IPv4             324853      0t0    TCP jp-n01.internal.cloudapp.net:44742->a23-32-13-159.deploy.static.akamaitechnologies.com:https (ESTABLISHED)
tuic-serv 11653 root  559u     IPv4             325230      0t0    TCP jp-n01.internal.cloudapp.net:33116->a23-32-13-159.deploy.static.akamaitechnologies.com:https (ESTABLISHED)
tuic-serv 11653 root  560u     IPv4             323497      0t0    TCP jp-n01.internal.cloudapp.net:42530->a23-32-13-159.deploy.static.akamaitechnologies.com:https (ESTABLISHED)
tuic-serv 11653 root  561u     IPv4             325328      0t0    TCP jp-n01.internal.cloudapp.net:56030->a23-32-13-159.deploy.static.akamaitechnologies.com:https (ESTABLISHED)
tuic-serv 11653 root  562u     IPv4             323568      0t0    TCP jp-n01.internal.cloudapp.net:40730->a23-32-13-159.deploy.static.akamaitechnologies.com:https (ESTABLISHED)
tuic-serv 11653 root  563u     IPv4             323586      0t0    TCP jp-n01.internal.cloudapp.net:40734->a23-32-13-159.deploy.static.akamaitechnologies.com:https (ESTABLISHED)
tuic-serv 11653 root  564u     IPv4             324523      0t0    TCP jp-n01.internal.cloudapp.net:35518->a23-32-13-159.deploy.static.akamaitechnologies.com:https (ESTABLISHED)
tuic-serv 11653 root  565u     IPv4             329786      0t0    TCP jp-n01.internal.cloudapp.net:41428->a104-71-141-50.deploy.static.akamaitechnologies.com:https (ESTABLISHED)
tuic-serv 11653 root  566u     IPv4             333995      0t0    TCP jp-n01.internal.cloudapp.net:37386->a23-32-13-159.deploy.static.akamaitechnologies.com:https (ESTABLISHED)
tuic-serv 11653 root  567u     IPv4             328342      0t0    TCP jp-n01.internal.cloudapp.net:58998->a23-32-13-159.deploy.static.akamaitechnologies.com:https (ESTABLISHED)
tuic-serv 11653 root  568u     IPv4             325846      0t0    TCP jp-n01.internal.cloudapp.net:50676->a23-32-13-159.deploy.static.akamaitechnologies.com:https (ESTABLISHED)
tuic-serv 11653 root  569u     IPv4             333632      0t0    TCP jp-n01.internal.cloudapp.net:47708->a23-32-13-159.deploy.static.akamaitechnologies.com:https (ESTABLISHED)
tuic-serv 11653 root  570u     IPv4             326685      0t0    TCP jp-n01.internal.cloudapp.net:60610->a23-32-13-159.deploy.static.akamaitechnologies.com:https (ESTABLISHED)
tuic-serv 11653 root  571u     IPv4             333291      0t0    TCP jp-n01.internal.cloudapp.net:45472->a23-32-13-159.deploy.static.akamaitechnologies.com:https (ESTABLISHED)
tuic-serv 11653 root  572u     IPv4             332418      0t0    TCP jp-n01.internal.cloudapp.net:48300->a104-71-141-50.deploy.static.akamaitechnologies.com:https (ESTABLISHED)
tuic-serv 11653 root  573u     IPv4             330257      0t0    TCP jp-n01.internal.cloudapp.net:41792->a104-71-141-50.deploy.static.akamaitechnologies.com:https (ESTABLISHED)
tuic-serv 11653 root  574u     IPv4             337255      0t0    TCP jp-n01.internal.cloudapp.net:55562->a104-71-141-50.deploy.static.akamaitechnologies.com:https (ESTABLISHED)
tuic-serv 11653 root  575u     IPv4             328507      0t0    TCP jp-n01.internal.cloudapp.net:51072->a23-32-13-159.deploy.static.akamaitechnologies.com:https (ESTABLISHED)
tuic-serv 11653 root  576u     IPv4             329997      0t0    TCP jp-n01.internal.cloudapp.net:35242->a104-71-141-50.deploy.static.akamaitechnologies.com:https (ESTABLISHED)
tuic-serv 11653 root  577u     IPv4             330326      0t0    TCP jp-n01.internal.cloudapp.net:51322->a104-71-141-50.deploy.static.akamaitechnologies.com:https (ESTABLISHED)
tuic-serv 11653 root  578u     IPv4             330553      0t0    TCP jp-n01.internal.cloudapp.net:36056->a104-71-141-50.deploy.static.akamaitechnologies.com:https (ESTABLISHED)
tuic-serv 11653 root  579u     IPv4             355846      0t0    TCP jp-n01.internal.cloudapp.net:43904->a104-71-141-50.deploy.static.akamaitechnologies.com:https (ESTABLISHED)
tuic-serv 11653 root  580u     IPv4             329054      0t0    TCP jp-n01.internal.cloudapp.net:41560->a23-32-13-159.deploy.static.akamaitechnologies.com:https (ESTABLISHED)
tuic-serv 11653 root  581u     IPv4             329487      0t0    TCP jp-n01.internal.cloudapp.net:44958->a104-71-141-50.deploy.static.akamaitechnologies.com:https (ESTABLISHED)
tuic-serv 11653 root  582u     IPv4             331571      0t0    TCP jp-n01.internal.cloudapp.net:39064->a104-71-141-50.deploy.static.akamaitechnologies.com:https (ESTABLISHED)
tuic-serv 11653 root  583u     IPv4             330616      0t0    TCP jp-n01.internal.cloudapp.net:37110->a104-71-141-50.deploy.static.akamaitechnologies.com:https (ESTABLISHED)
tuic-serv 11653 root  584u     IPv4             330777      0t0    TCP jp-n01.internal.cloudapp.net:43572->a104-71-141-50.deploy.static.akamaitechnologies.com:https (ESTABLISHED)
tuic-serv 11653 root  585u     IPv4             348366      0t0    TCP jp-n01.internal.cloudapp.net:37092->a104-71-141-50.deploy.static.akamaitechnologies.com:https (ESTABLISHED)
tuic-serv 11653 root  586u     IPv4             332765      0t0    TCP jp-n01.internal.cloudapp.net:45324->a23-32-13-159.deploy.static.akamaitechnologies.com:https (ESTABLISHED)
tuic-serv 11653 root  587u     IPv4             331343      0t0    TCP jp-n01.internal.cloudapp.net:52030->a104-71-141-50.deploy.static.akamaitechnologies.com:https (ESTABLISHED)
tuic-serv 11653 root  588u     IPv4             389141      0t0    TCP jp-n01.internal.cloudapp.net:43460->a104-71-141-50.deploy.static.akamaitechnologies.com:https (ESTABLISHED)
tuic-serv 11653 root  589u     IPv4             332485      0t0    TCP jp-n01.internal.cloudapp.net:47788->a104-71-141-50.deploy.static.akamaitechnologies.com:https (ESTABLISHED)
tuic-serv 11653 root  590u     IPv4             332549      0t0    TCP jp-n01.internal.cloudapp.net:38164->a104-71-141-50.deploy.static.akamaitechnologies.com:https (ESTABLISHED)
tuic-serv 11653 root  591u     IPv4             333735      0t0    TCP jp-n01.internal.cloudapp.net:33754->a23-32-13-159.deploy.static.akamaitechnologies.com:https (ESTABLISHED)
tuic-serv 11653 root  592u     IPv4             332984      0t0    TCP jp-n01.internal.cloudapp.net:50330->a23-32-13-159.deploy.static.akamaitechnologies.com:https (ESTABLISHED)
tuic-serv 11653 root  593u     IPv4             333697      0t0    TCP jp-n01.internal.cloudapp.net:36498->a23-32-13-159.deploy.static.akamaitechnologies.com:https (ESTABLISHED)
tuic-serv 11653 root  594u     IPv4             340377      0t0    TCP jp-n01.internal.cloudapp.net:37544->a104-71-141-50.deploy.static.akamaitechnologies.com:https (ESTABLISHED)
tuic-serv 11653 root  595u     IPv4             333712      0t0    TCP jp-n01.internal.cloudapp.net:56676->a23-32-13-159.deploy.static.akamaitechnologies.com:https (ESTABLISHED)
tuic-serv 11653 root  596u     IPv4             333720      0t0    TCP jp-n01.internal.cloudapp.net:56690->a23-32-13-159.deploy.static.akamaitechnologies.com:https (ESTABLISHED)
tuic-serv 11653 root  597u     IPv4             335791      0t0    TCP jp-n01.internal.cloudapp.net:49100->a104-71-141-50.deploy.static.akamaitechnologies.com:https (ESTABLISHED)
tuic-serv 11653 root  598u     IPv4             334790      0t0    TCP jp-n01.internal.cloudapp.net:51376->a23-32-13-159.deploy.static.akamaitechnologies.com:https (ESTABLISHED)
tuic-serv 11653 root  599u     IPv4             333917      0t0    TCP jp-n01.internal.cloudapp.net:51136->a23-32-13-159.deploy.static.akamaitechnologies.com:https (ESTABLISHED)
tuic-serv 11653 root  600u     IPv4             333905      0t0    TCP jp-n01.internal.cloudapp.net:55984->a23-32-13-159.deploy.static.akamaitechnologies.com:https (ESTABLISHED)
tuic-serv 11653 root  601u     IPv4             335913      0t0    TCP jp-n01.internal.cloudapp.net:36496->a104-71-141-50.deploy.static.akamaitechnologies.com:https (ESTABLISHED)
tuic-serv 11653 root  602u     IPv4             344102      0t0    TCP jp-n01.internal.cloudapp.net:47832->a104-71-141-50.deploy.static.akamaitechnologies.com:https (ESTABLISHED)
tuic-serv 11653 root  603u     IPv4             342012      0t0    TCP jp-n01.internal.cloudapp.net:60712->a104-71-141-50.deploy.static.akamaitechnologies.com:https (ESTABLISHED)
tuic-serv 11653 root  604u     IPv4             348714      0t0    TCP jp-n01.internal.cloudapp.net:60290->a104-71-141-50.deploy.static.akamaitechnologies.com:https (ESTABLISHED)
tuic-serv 11653 root  605u     IPv4             334072      0t0    TCP jp-n01.internal.cloudapp.net:56842->a23-32-13-159.deploy.static.akamaitechnologies.com:https (ESTABLISHED)
tuic-serv 11653 root  606u     IPv4             335835      0t0    TCP jp-n01.internal.cloudapp.net:56358->a104-71-141-50.deploy.static.akamaitechnologies.com:https (ESTABLISHED)
tuic-serv 11653 root  607u     IPv4             334875      0t0    TCP jp-n01.internal.cloudapp.net:41506->a104-71-141-50.deploy.static.akamaitechnologies.com:https (ESTABLISHED)
tuic-serv 11653 root  608u     IPv4             338578      0t0    TCP jp-n01.internal.cloudapp.net:33770->a104-71-141-50.deploy.static.akamaitechnologies.com:https (ESTABLISHED)
tuic-serv 11653 root  609u     IPv4             342434      0t0    TCP jp-n01.internal.cloudapp.net:51006->a104-71-141-50.deploy.static.akamaitechnologies.com:https (ESTABLISHED)
tuic-serv 11653 root  610u     IPv4             338813      0t0    TCP jp-n01.internal.cloudapp.net:41618->a104-71-141-50.deploy.static.akamaitechnologies.com:https (ESTABLISHED)
tuic-serv 11653 root  611u     IPv4             342968      0t0    TCP jp-n01.internal.cloudapp.net:51944->a104-71-141-50.deploy.static.akamaitechnologies.com:https (ESTABLISHED)
tuic-serv 11653 root  612u     IPv4             335264      0t0    TCP jp-n01.internal.cloudapp.net:46088->a104-71-141-50.deploy.static.akamaitechnologies.com:https (ESTABLISHED)
tuic-serv 11653 root  613u     IPv4             343177      0t0    TCP jp-n01.internal.cloudapp.net:39066->a104-71-141-50.deploy.static.akamaitechnologies.com:https (ESTABLISHED)
tuic-serv 11653 root  614u     IPv4             337595      0t0    TCP jp-n01.internal.cloudapp.net:35934->a104-71-141-50.deploy.static.akamaitechnologies.com:https (ESTABLISHED)
tuic-serv 11653 root  615u     IPv4             336525      0t0    TCP jp-n01.internal.cloudapp.net:48164->a104-71-141-50.deploy.static.akamaitechnologies.com:https (ESTABLISHED)
tuic-serv 11653 root  616u     IPv4             336787      0t0    TCP jp-n01.internal.cloudapp.net:59128->a104-71-141-50.deploy.static.akamaitechnologies.com:https (ESTABLISHED)
tuic-serv 11653 root  617u     IPv4             338321      0t0    TCP jp-n01.internal.cloudapp.net:45610->a104-71-141-50.deploy.static.akamaitechnologies.com:https (ESTABLISHED)
tuic-serv 11653 root  618u     IPv4             336598      0t0    TCP jp-n01.internal.cloudapp.net:57174->a104-71-141-50.deploy.static.akamaitechnologies.com:https (ESTABLISHED)
tuic-serv 11653 root  619u     IPv4             336746      0t0    TCP jp-n01.internal.cloudapp.net:40412->a104-71-141-50.deploy.static.akamaitechnologies.com:https (ESTABLISHED)
tuic-serv 11653 root  620u     IPv4             336876      0t0    TCP jp-n01.internal.cloudapp.net:45616->a104-71-141-50.deploy.static.akamaitechnologies.com:https (ESTABLISHED)
tuic-serv 11653 root  621u     IPv4             338097      0t0    TCP jp-n01.internal.cloudapp.net:51072->a104-71-141-50.deploy.static.akamaitechnologies.com:https (ESTABLISHED)
tuic-serv 11653 root  622u     IPv4             336960      0t0    TCP jp-n01.internal.cloudapp.net:40572->a104-71-141-50.deploy.static.akamaitechnologies.com:https (ESTABLISHED)
tuic-serv 11653 root  623u     IPv4             337152      0t0    TCP jp-n01.internal.cloudapp.net:57648->a104-71-141-50.deploy.static.akamaitechnologies.com:https (ESTABLISHED)
tuic-serv 11653 root  624u     IPv4             337457      0t0    TCP jp-n01.internal.cloudapp.net:54648->a104-71-141-50.deploy.static.akamaitechnologies.com:https (ESTABLISHED)
tuic-serv 11653 root  625u     IPv4             353399      0t0    TCP jp-n01.internal.cloudapp.net:59178->a104-71-141-50.deploy.static.akamaitechnologies.com:https (ESTABLISHED)
tuic-serv 11653 root  626u     IPv4             337870      0t0    TCP jp-n01.internal.cloudapp.net:39304->a104-71-141-50.deploy.static.akamaitechnologies.com:https (ESTABLISHED)
tuic-serv 11653 root  627u     IPv4             338242      0t0    TCP jp-n01.internal.cloudapp.net:49160->a104-71-141-50.deploy.static.akamaitechnologies.com:https (ESTABLISHED)
tuic-serv 11653 root  628u     IPv4             338004      0t0    TCP jp-n01.internal.cloudapp.net:55442->a104-71-141-50.deploy.static.akamaitechnologies.com:https (ESTABLISHED)
tuic-serv 11653 root  629u     IPv4             339571      0t0    TCP jp-n01.internal.cloudapp.net:45304->a104-71-141-50.deploy.static.akamaitechnologies.com:https (ESTABLISHED)
tuic-serv 11653 root  630u     IPv4             338216      0t0    TCP jp-n01.internal.cloudapp.net:47454->a104-71-141-50.deploy.static.akamaitechnologies.com:https (ESTABLISHED)
tuic-serv 11653 root  631u     IPv4             338293      0t0    TCP jp-n01.internal.cloudapp.net:54556->a104-71-141-50.deploy.static.akamaitechnologies.com:https (ESTABLISHED)
tuic-serv 11653 root  632u     IPv4             338367      0t0    TCP jp-n01.internal.cloudapp.net:47608->a104-71-141-50.deploy.static.akamaitechnologies.com:https (ESTABLISHED)
tuic-serv 11653 root  633u     IPv4             338408      0t0    TCP jp-n01.internal.cloudapp.net:59258->a104-71-141-50.deploy.static.akamaitechnologies.com:https (ESTABLISHED)
tuic-serv 11653 root  634u     IPv4             338724      0t0    TCP jp-n01.internal.cloudapp.net:50852->a104-71-141-50.deploy.static.akamaitechnologies.com:https (ESTABLISHED)
tuic-serv 11653 root  635u     IPv4             338799      0t0    TCP jp-n01.internal.cloudapp.net:40988->a104-71-141-50.deploy.static.akamaitechnologies.com:https (ESTABLISHED)
tuic-serv 11653 root  636u     IPv4             338829      0t0    TCP jp-n01.internal.cloudapp.net:34976->a104-71-141-50.deploy.static.akamaitechnologies.com:https (ESTABLISHED)
tuic-serv 11653 root  637u     IPv4             338857      0t0    TCP jp-n01.internal.cloudapp.net:33876->a104-71-141-50.deploy.static.akamaitechnologies.com:https (ESTABLISHED)
tuic-serv 11653 root  638u     IPv4             341263      0t0    TCP jp-n01.internal.cloudapp.net:52356->a104-71-141-50.deploy.static.akamaitechnologies.com:https (ESTABLISHED)
tuic-serv 11653 root  639u     IPv4             341613      0t0    TCP jp-n01.internal.cloudapp.net:36612->a104-71-141-50.deploy.static.akamaitechnologies.com:https (ESTABLISHED)
tuic-serv 11653 root  640u     IPv4             339640      0t0    TCP jp-n01.internal.cloudapp.net:45310->a104-71-141-50.deploy.static.akamaitechnologies.com:https (ESTABLISHED)
tuic-serv 11653 root  641u     IPv4             341444      0t0    TCP jp-n01.internal.cloudapp.net:52218->a104-71-141-50.deploy.static.akamaitechnologies.com:https (ESTABLISHED)
tuic-serv 11653 root  642u     IPv4             342684      0t0    TCP jp-n01.internal.cloudapp.net:44720->a104-71-141-50.deploy.static.akamaitechnologies.com:https (ESTABLISHED)
tuic-serv 11653 root  643u     IPv4             340400      0t0    TCP jp-n01.internal.cloudapp.net:52816->a104-71-141-50.deploy.static.akamaitechnologies.com:https (ESTABLISHED)
tuic-serv 11653 root  644u     IPv4             341836      0t0    TCP jp-n01.internal.cloudapp.net:35952->a104-71-141-50.deploy.static.akamaitechnologies.com:https (ESTABLISHED)
tuic-serv 11653 root  645u     IPv4             340514      0t0    TCP jp-n01.internal.cloudapp.net:50848->a104-71-141-50.deploy.static.akamaitechnologies.com:https (ESTABLISHED)
tuic-serv 11653 root  646u     IPv4             341159      0t0    TCP jp-n01.internal.cloudapp.net:56314->a104-71-141-50.deploy.static.akamaitechnologies.com:https (ESTABLISHED)
tuic-serv 11653 root  647u     IPv4             340566      0t0    TCP jp-n01.internal.cloudapp.net:55654->a104-71-141-50.deploy.static.akamaitechnologies.com:https (ESTABLISHED)
tuic-serv 11653 root  648u     IPv4             345132      0t0    TCP jp-n01.internal.cloudapp.net:42246->a104-71-141-50.deploy.static.akamaitechnologies.com:https (ESTABLISHED)
tuic-serv 11653 root  649u     IPv4             340839      0t0    TCP jp-n01.internal.cloudapp.net:49882->a104-71-141-50.deploy.static.akamaitechnologies.com:https (ESTABLISHED)
tuic-serv 11653 root  650u     IPv4             341559      0t0    TCP jp-n01.internal.cloudapp.net:49184->a104-71-141-50.deploy.static.akamaitechnologies.com:https (ESTABLISHED)
tuic-serv 11653 root  651u     IPv4             355936      0t0    TCP jp-n01.internal.cloudapp.net:37714->a104-71-141-50.deploy.static.akamaitechnologies.com:https (ESTABLISHED)
tuic-serv 11653 root  652u     IPv4             344427      0t0    TCP jp-n01.internal.cloudapp.net:58894->a104-71-141-50.deploy.static.akamaitechnologies.com:https (ESTABLISHED)
tuic-serv 11653 root  653u     IPv4             341991      0t0    TCP jp-n01.internal.cloudapp.net:44982->a104-71-141-50.deploy.static.akamaitechnologies.com:https (ESTABLISHED)
tuic-serv 11653 root  654u     IPv4             341997      0t0    TCP jp-n01.internal.cloudapp.net:45004->a104-71-141-50.deploy.static.akamaitechnologies.com:https (ESTABLISHED)
tuic-serv 11653 root  655u     IPv4             435513      0t0    TCP jp-n01.internal.cloudapp.net:51618->a23-32-13-159.deploy.static.akamaitechnologies.com:https (ESTABLISHED)
tuic-serv 11653 root  656u     IPv4             342034      0t0    TCP jp-n01.internal.cloudapp.net:34458->a104-71-141-50.deploy.static.akamaitechnologies.com:https (ESTABLISHED)
tuic-serv 11653 root  657u     IPv4             342154      0t0    TCP jp-n01.internal.cloudapp.net:59618->a104-71-141-50.deploy.static.akamaitechnologies.com:https (ESTABLISHED)
tuic-serv 11653 root  658u     IPv4             355290      0t0    TCP jp-n01.internal.cloudapp.net:33604->a104-71-141-50.deploy.static.akamaitechnologies.com:https (ESTABLISHED)
tuic-serv 11653 root  659u     IPv4             342327      0t0    TCP jp-n01.internal.cloudapp.net:51126->a104-71-141-50.deploy.static.akamaitechnologies.com:https (ESTABLISHED)
tuic-serv 11653 root  660u     IPv4             342342      0t0    TCP jp-n01.internal.cloudapp.net:44522->a104-71-141-50.deploy.static.akamaitechnologies.com:https (ESTABLISHED)
tuic-serv 11653 root  661u     IPv4             342515      0t0    TCP jp-n01.internal.cloudapp.net:49182->a104-71-141-50.deploy.static.akamaitechnologies.com:https (ESTABLISHED)
tuic-serv 11653 root  662u     IPv4             343251      0t0    TCP jp-n01.internal.cloudapp.net:50374->a104-71-141-50.deploy.static.akamaitechnologies.com:https (ESTABLISHED)
tuic-serv 11653 root  663u     IPv4             345234      0t0    TCP jp-n01.internal.cloudapp.net:54070->a104-71-141-50.deploy.static.akamaitechnologies.com:https (ESTABLISHED)
tuic-serv 11653 root  664u     IPv4             343271      0t0    TCP jp-n01.internal.cloudapp.net:40096->a104-71-141-50.deploy.static.akamaitechnologies.com:https (ESTABLISHED)
tuic-serv 11653 root  665u     IPv4             343494      0t0    TCP jp-n01.internal.cloudapp.net:34910->a104-71-141-50.deploy.static.akamaitechnologies.com:https (ESTABLISHED)
tuic-serv 11653 root  666u     IPv4             352130      0t0    TCP jp-n01.internal.cloudapp.net:54408->a104-71-141-50.deploy.static.akamaitechnologies.com:https (ESTABLISHED)
tuic-serv 11653 root  667u     IPv4             343797      0t0    TCP jp-n01.internal.cloudapp.net:56734->a104-71-141-50.deploy.static.akamaitechnologies.com:https (ESTABLISHED)
tuic-serv 11653 root  668u     IPv4             390391      0t0    TCP jp-n01.internal.cloudapp.net:39610->a104-71-141-50.deploy.static.akamaitechnologies.com:https (ESTABLISHED)
tuic-serv 11653 root  669u     IPv4             359493      0t0    TCP jp-n01.internal.cloudapp.net:59844->a104-71-141-50.deploy.static.akamaitechnologies.com:https (ESTABLISHED)
tuic-serv 11653 root  670u     IPv4             360212      0t0    TCP jp-n01.internal.cloudapp.net:49508->a104-71-141-50.deploy.static.akamaitechnologies.com:https (ESTABLISHED)
tuic-serv 11653 root  671u     IPv4             352634      0t0    TCP jp-n01.internal.cloudapp.net:39978->a104-71-141-50.deploy.static.akamaitechnologies.com:https (ESTABLISHED)
tuic-serv 11653 root  672u     IPv4             350137      0t0    TCP jp-n01.internal.cloudapp.net:51614->a104-71-141-50.deploy.static.akamaitechnologies.com:https (ESTABLISHED)
tuic-serv 11653 root  673u     IPv4             343867      0t0    TCP jp-n01.internal.cloudapp.net:48584->a104-71-141-50.deploy.static.akamaitechnologies.com:https (ESTABLISHED)
tuic-serv 11653 root  674u     IPv4             347926      0t0    TCP jp-n01.internal.cloudapp.net:39922->a104-71-141-50.deploy.static.akamaitechnologies.com:https (ESTABLISHED)
tuic-serv 11653 root  675u     IPv4             361327      0t0    TCP jp-n01.internal.cloudapp.net:40604->a104-71-141-50.deploy.static.akamaitechnologies.com:https (ESTABLISHED)
tuic-serv 11653 root  676u     IPv4             346824      0t0    TCP jp-n01.internal.cloudapp.net:38842->a104-71-141-50.deploy.static.akamaitechnologies.com:https (ESTABLISHED)
tuic-serv 11653 root  677u     IPv4             357742      0t0    TCP jp-n01.internal.cloudapp.net:39214->a104-71-141-50.deploy.static.akamaitechnologies.com:https (ESTABLISHED)
tuic-serv 11653 root  678u     IPv4             350610      0t0    TCP jp-n01.internal.cloudapp.net:38214->a104-71-141-50.deploy.static.akamaitechnologies.com:https (ESTABLISHED)
tuic-serv 11653 root  679u     IPv4             348121      0t0    TCP jp-n01.internal.cloudapp.net:60220->a104-71-141-50.deploy.static.akamaitechnologies.com:https (ESTABLISHED)
tuic-serv 11653 root  680u     IPv4             348841      0t0    TCP jp-n01.internal.cloudapp.net:58166->a104-71-141-50.deploy.static.akamaitechnologies.com:https (ESTABLISHED)
tuic-serv 11653 root  681u     IPv4             355147      0t0    TCP jp-n01.internal.cloudapp.net:37048->a104-71-141-50.deploy.static.akamaitechnologies.com:https (ESTABLISHED)
tuic-serv 11653 root  682u     IPv4             350301      0t0    TCP jp-n01.internal.cloudapp.net:43464->a104-71-141-50.deploy.static.akamaitechnologies.com:https (ESTABLISHED)
tuic-serv 11653 root  683u     IPv4             354159      0t0    TCP jp-n01.internal.cloudapp.net:49284->a104-71-141-50.deploy.static.akamaitechnologies.com:https (ESTABLISHED)
tuic-serv 11653 root  684u     IPv4             350416      0t0    TCP jp-n01.internal.cloudapp.net:45018->a104-71-141-50.deploy.static.akamaitechnologies.com:https (ESTABLISHED)
tuic-serv 11653 root  685u     IPv4             351226      0t0    TCP jp-n01.internal.cloudapp.net:60038->a104-71-141-50.deploy.static.akamaitechnologies.com:https (ESTABLISHED)
tuic-serv 11653 root  686u     IPv4             355664      0t0    TCP jp-n01.internal.cloudapp.net:58602->a104-71-141-50.deploy.static.akamaitechnologies.com:https (ESTABLISHED)
tuic-serv 11653 root  687u     IPv4             355780      0t0    TCP jp-n01.internal.cloudapp.net:49756->a104-71-141-50.deploy.static.akamaitechnologies.com:https (ESTABLISHED)
tuic-serv 11653 root  688u     IPv4             352649      0t0    TCP jp-n01.internal.cloudapp.net:44656->a104-71-141-50.deploy.static.akamaitechnologies.com:https (ESTABLISHED)
tuic-serv 11653 root  689u     IPv4             353765      0t0    TCP jp-n01.internal.cloudapp.net:52348->a104-71-141-50.deploy.static.akamaitechnologies.com:https (ESTABLISHED)
tuic-serv 11653 root  690u     IPv4             353779      0t0    TCP jp-n01.internal.cloudapp.net:53622->a104-71-141-50.deploy.static.akamaitechnologies.com:https (ESTABLISHED)
tuic-serv 11653 root  691u     IPv4             354413      0t0    TCP jp-n01.internal.cloudapp.net:33572->a104-71-141-50.deploy.static.akamaitechnologies.com:https (ESTABLISHED)
tuic-serv 11653 root  692u     IPv4             355693      0t0    TCP jp-n01.internal.cloudapp.net:35110->a104-71-141-50.deploy.static.akamaitechnologies.com:https (ESTABLISHED)
tuic-serv 11653 root  693u     IPv4             354561      0t0    TCP jp-n01.internal.cloudapp.net:57626->a104-71-141-50.deploy.static.akamaitechnologies.com:https (ESTABLISHED)
tuic-serv 11653 root  694u     IPv4             354651      0t0    TCP jp-n01.internal.cloudapp.net:36574->a104-71-141-50.deploy.static.akamaitechnologies.com:https (ESTABLISHED)
tuic-serv 11653 root  695u     IPv4             354748      0t0    UDP *:45859 
tuic-serv 11653 root  696u     IPv6             354749      0t0    UDP *:55733 
tuic-serv 11653 root  697u     IPv4             355909      0t0    TCP jp-n01.internal.cloudapp.net:56622->a104-71-141-50.deploy.static.akamaitechnologies.com:https (ESTABLISHED)
tuic-serv 11653 root  698u     IPv4             355057      0t0    TCP jp-n01.internal.cloudapp.net:34680->a104-71-141-50.deploy.static.akamaitechnologies.com:https (ESTABLISHED)
tuic-serv 11653 root  699u     IPv4             379734      0t0    TCP jp-n01.internal.cloudapp.net:38698->a23-32-13-159.deploy.static.akamaitechnologies.com:https (ESTABLISHED)
tuic-serv 11653 root  700u     IPv4             356926      0t0    TCP jp-n01.internal.cloudapp.net:57932->a104-71-141-50.deploy.static.akamaitechnologies.com:https (ESTABLISHED)
tuic-serv 11653 root  701u     IPv4             356552      0t0    TCP jp-n01.internal.cloudapp.net:34592->a104-71-141-50.deploy.static.akamaitechnologies.com:https (ESTABLISHED)
tuic-serv 11653 root  702u     IPv4             356085      0t0    TCP jp-n01.internal.cloudapp.net:40176->a104-71-141-50.deploy.static.akamaitechnologies.com:https (ESTABLISHED)
tuic-serv 11653 root  703u     IPv4             357233      0t0    TCP jp-n01.internal.cloudapp.net:60742->a104-71-141-50.deploy.static.akamaitechnologies.com:https (ESTABLISHED)
tuic-serv 11653 root  704u     IPv4             357374      0t0    TCP jp-n01.internal.cloudapp.net:60152->a104-71-141-50.deploy.static.akamaitechnologies.com:https (ESTABLISHED)
tuic-serv 11653 root  705u     IPv4             404072      0t0    TCP jp-n01.internal.cloudapp.net:37934->a104-71-141-50.deploy.static.akamaitechnologies.com:https (ESTABLISHED)
tuic-serv 11653 root  706u     IPv4             357950      0t0    TCP jp-n01.internal.cloudapp.net:36038->a104-71-141-50.deploy.static.akamaitechnologies.com:https (ESTABLISHED)
tuic-serv 11653 root  707u     IPv4             361237      0t0    TCP jp-n01.internal.cloudapp.net:42430->a104-71-141-50.deploy.static.akamaitechnologies.com:https (ESTABLISHED)
tuic-serv 11653 root  708u     IPv4             356334      0t0    TCP jp-n01.internal.cloudapp.net:58150->a104-71-141-50.deploy.static.akamaitechnologies.com:https (ESTABLISHED)
tuic-serv 11653 root  709u     IPv4             356400      0t0    TCP jp-n01.internal.cloudapp.net:43084->a104-71-141-50.deploy.static.akamaitechnologies.com:https (ESTABLISHED)
tuic-serv 11653 root  710u     IPv4             360350      0t0    TCP jp-n01.internal.cloudapp.net:49056->a104-71-141-50.deploy.static.akamaitechnologies.com:https (ESTABLISHED)
tuic-serv 11653 root  711u     IPv4             357272      0t0    TCP jp-n01.internal.cloudapp.net:60756->a104-71-141-50.deploy.static.akamaitechnologies.com:https (ESTABLISHED)
tuic-serv 11653 root  712u     IPv4             357402      0t0    TCP jp-n01.internal.cloudapp.net:53106->a104-71-141-50.deploy.static.akamaitechnologies.com:https (ESTABLISHED)
tuic-serv 11653 root  713u     IPv4             355976      0t0    TCP jp-n01.internal.cloudapp.net:60958->a104-71-141-50.deploy.static.akamaitechnologies.com:https (ESTABLISHED)
tuic-serv 11653 root  714u     IPv4             361413      0t0    TCP jp-n01.internal.cloudapp.net:48320->a104-71-141-50.deploy.static.akamaitechnologies.com:https (ESTABLISHED)
tuic-serv 11653 root  715u     IPv4             358956      0t0    TCP jp-n01.internal.cloudapp.net:38918->a104-71-141-50.deploy.static.akamaitechnologies.com:https (ESTABLISHED)
tuic-serv 11653 root  716u     IPv4             357457      0t0    TCP jp-n01.internal.cloudapp.net:59554->a104-71-141-50.deploy.static.akamaitechnologies.com:https (ESTABLISHED)
tuic-serv 11653 root  717u     IPv4             360505      0t0    TCP jp-n01.internal.cloudapp.net:52142->a104-71-141-50.deploy.static.akamaitechnologies.com:https (ESTABLISHED)
tuic-serv 11653 root  718u     IPv4             359063      0t0    TCP jp-n01.internal.cloudapp.net:47292->a104-71-141-50.deploy.static.akamaitechnologies.com:https (ESTABLISHED)
tuic-serv 11653 root  719u     IPv4             362061      0t0    TCP jp-n01.internal.cloudapp.net:56280->a104-71-141-50.deploy.static.akamaitechnologies.com:https (ESTABLISHED)
tuic-serv 11653 root  720u     IPv4             357585      0t0    TCP jp-n01.internal.cloudapp.net:49112->a104-71-141-50.deploy.static.akamaitechnologies.com:https (ESTABLISHED)
tuic-serv 11653 root  721u     IPv4             357987      0t0    TCP jp-n01.internal.cloudapp.net:50956->a104-71-141-50.deploy.static.akamaitechnologies.com:https (ESTABLISHED)
tuic-serv 11653 root  722u     IPv4             358721      0t0    TCP jp-n01.internal.cloudapp.net:34782->a104-71-141-50.deploy.static.akamaitechnologies.com:https (ESTABLISHED)
tuic-serv 11653 root  723u     IPv4             359159      0t0    TCP jp-n01.internal.cloudapp.net:44406->a104-71-141-50.deploy.static.akamaitechnologies.com:https (ESTABLISHED)
tuic-serv 11653 root  724u     IPv4             376791      0t0    TCP jp-n01.internal.cloudapp.net:57926->a104-71-141-50.deploy.static.akamaitechnologies.com:https (ESTABLISHED)
tuic-serv 11653 root  725u     IPv4             359271      0t0    TCP jp-n01.internal.cloudapp.net:33490->a104-71-141-50.deploy.static.akamaitechnologies.com:https (ESTABLISHED)
tuic-serv 11653 root  726u     IPv4             359368      0t0    TCP jp-n01.internal.cloudapp.net:49974->a104-71-141-50.deploy.static.akamaitechnologies.com:https (ESTABLISHED)
tuic-serv 11653 root  727u     IPv4             367693      0t0    TCP jp-n01.internal.cloudapp.net:59464->a104-71-141-50.deploy.static.akamaitechnologies.com:https (ESTABLISHED)
tuic-serv 11653 root  728u     IPv4             364758      0t0    TCP jp-n01.internal.cloudapp.net:55728->a104-71-141-50.deploy.static.akamaitechnologies.com:https (ESTABLISHED)
tuic-serv 11653 root  729u     IPv4             360545      0t0    TCP jp-n01.internal.cloudapp.net:49312->a104-71-141-50.deploy.static.akamaitechnologies.com:https (ESTABLISHED)
tuic-serv 11653 root  730u     IPv4             360581      0t0    TCP jp-n01.internal.cloudapp.net:49324->a104-71-141-50.deploy.static.akamaitechnologies.com:https (ESTABLISHED)
tuic-serv 11653 root  731u     IPv4             360584      0t0    TCP jp-n01.internal.cloudapp.net:43864->a104-71-141-50.deploy.static.akamaitechnologies.com:https (ESTABLISHED)
tuic-serv 11653 root  732u     IPv4             362208      0t0    TCP jp-n01.internal.cloudapp.net:55746->a104-71-141-50.deploy.static.akamaitechnologies.com:https (ESTABLISHED)
tuic-serv 11653 root  733u     IPv4             360674      0t0    TCP jp-n01.internal.cloudapp.net:52966->a104-71-141-50.deploy.static.akamaitechnologies.com:https (ESTABLISHED)
tuic-serv 11653 root  734u     IPv4             362395      0t0    TCP jp-n01.internal.cloudapp.net:47652->a104-71-141-50.deploy.static.akamaitechnologies.com:https (ESTABLISHED)
tuic-serv 11653 root  735u     IPv4             360919      0t0    TCP jp-n01.internal.cloudapp.net:52460->a104-71-141-50.deploy.static.akamaitechnologies.com:https (ESTABLISHED)
tuic-serv 11653 root  736u     IPv4             361028      0t0    TCP jp-n01.internal.cloudapp.net:49356->a104-71-141-50.deploy.static.akamaitechnologies.com:https (ESTABLISHED)
tuic-serv 11653 root  737u     IPv4             363027      0t0    TCP jp-n01.internal.cloudapp.net:47328->a104-71-141-50.deploy.static.akamaitechnologies.com:https (ESTABLISHED)
tuic-serv 11653 root  738u     IPv4             361592      0t0    TCP jp-n01.internal.cloudapp.net:53702->a104-71-141-50.deploy.static.akamaitechnologies.com:https (ESTABLISHED)
tuic-serv 11653 root  739u     IPv4             361644      0t0    TCP jp-n01.internal.cloudapp.net:38486->a104-71-141-50.deploy.static.akamaitechnologies.com:https (ESTABLISHED)
tuic-serv 11653 root  740u     IPv4             367096      0t0    TCP jp-n01.internal.cloudapp.net:33778->a104-71-141-50.deploy.static.akamaitechnologies.com:https (ESTABLISHED)
tuic-serv 11653 root  741u     IPv4             367118      0t0    TCP jp-n01.internal.cloudapp.net:55814->a104-71-141-50.deploy.static.akamaitechnologies.com:https (ESTABLISHED)
tuic-serv 11653 root  742u     IPv4             362617      0t0    TCP jp-n01.internal.cloudapp.net:46396->a104-71-141-50.deploy.static.akamaitechnologies.com:https (ESTABLISHED)
tuic-serv 11653 root  743u     IPv4             362696      0t0    TCP jp-n01.internal.cloudapp.net:41314->a104-71-141-50.deploy.static.akamaitechnologies.com:https (ESTABLISHED)
tuic-serv 11653 root  744u     IPv4             362950      0t0    TCP jp-n01.internal.cloudapp.net:58446->a104-71-141-50.deploy.static.akamaitechnologies.com:https (ESTABLISHED)
tuic-serv 11653 root  745u     IPv4             365018      0t0    TCP jp-n01.internal.cloudapp.net:44576->a104-71-141-50.deploy.static.akamaitechnologies.com:https (ESTABLISHED)
tuic-serv 11653 root  746u     IPv4             368768      0t0    TCP jp-n01.internal.cloudapp.net:50770->a104-71-141-50.deploy.static.akamaitechnologies.com:https (ESTABLISHED)
tuic-serv 11653 root  747u     IPv4             367953      0t0    TCP jp-n01.internal.cloudapp.net:43234->a104-71-141-50.deploy.static.akamaitechnologies.com:https (ESTABLISHED)
tuic-serv 11653 root  748u     IPv4             365149      0t0    TCP jp-n01.internal.cloudapp.net:40024->a104-71-141-50.deploy.static.akamaitechnologies.com:https (ESTABLISHED)
tuic-serv 11653 root  749u     IPv4             369193      0t0    TCP jp-n01.internal.cloudapp.net:51476->a104-71-141-50.deploy.static.akamaitechnologies.com:https (ESTABLISHED)
tuic-serv 11653 root  750u     IPv4             367797      0t0    TCP jp-n01.internal.cloudapp.net:37282->a104-71-141-50.deploy.static.akamaitechnologies.com:https (ESTABLISHED)
tuic-serv 11653 root  751u     IPv4             367874      0t0    TCP jp-n01.internal.cloudapp.net:33542->a104-71-141-50.deploy.static.akamaitechnologies.com:https (ESTABLISHED)
tuic-serv 11653 root  752u     IPv4             370674      0t0    TCP jp-n01.internal.cloudapp.net:37946->a104-71-141-50.deploy.static.akamaitechnologies.com:https (ESTABLISHED)
tuic-serv 11653 root  753u     IPv4             389826      0t0    TCP jp-n01.internal.cloudapp.net:45648->a104-71-141-50.deploy.static.akamaitechnologies.com:https (ESTABLISHED)
tuic-serv 11653 root  754u     IPv4             365466      0t0    TCP jp-n01.internal.cloudapp.net:38768->a104-71-141-50.deploy.static.akamaitechnologies.com:https (ESTABLISHED)
tuic-serv 11653 root  755u     IPv4             366148      0t0    TCP jp-n01.internal.cloudapp.net:51600->a104-71-141-50.deploy.static.akamaitechnologies.com:https (ESTABLISHED)
tuic-serv 11653 root  756u     IPv4             366287      0t0    TCP jp-n01.internal.cloudapp.net:33716->a104-71-141-50.deploy.static.akamaitechnologies.com:https (ESTABLISHED)
tuic-serv 11653 root  757u     IPv4             366341      0t0    TCP jp-n01.internal.cloudapp.net:35540->a104-71-141-50.deploy.static.akamaitechnologies.com:https (ESTABLISHED)
tuic-serv 11653 root  758u     IPv4             366442      0t0    TCP jp-n01.internal.cloudapp.net:56692->a104-71-141-50.deploy.static.akamaitechnologies.com:https (ESTABLISHED)
tuic-serv 11653 root  759u     IPv4             367607      0t0    TCP jp-n01.internal.cloudapp.net:33948->a104-71-141-50.deploy.static.akamaitechnologies.com:https (ESTABLISHED)
tuic-serv 11653 root  760u     IPv4             368071      0t0    TCP jp-n01.internal.cloudapp.net:50944->a104-71-141-50.deploy.static.akamaitechnologies.com:https (ESTABLISHED)
tuic-serv 11653 root  761u     IPv4             367978      0t0    TCP jp-n01.internal.cloudapp.net:43258->a104-71-141-50.deploy.static.akamaitechnologies.com:https (ESTABLISHED)
tuic-serv 11653 root  762u     IPv4             368173      0t0    TCP jp-n01.internal.cloudapp.net:57970->a104-71-141-50.deploy.static.akamaitechnologies.com:https (ESTABLISHED)
tuic-serv 11653 root  763u     IPv4             368287      0t0    TCP jp-n01.internal.cloudapp.net:47660->a104-71-141-50.deploy.static.akamaitechnologies.com:https (ESTABLISHED)
tuic-serv 11653 root  764u     IPv4             369559      0t0    TCP jp-n01.internal.cloudapp.net:58786->a104-71-141-50.deploy.static.akamaitechnologies.com:https (ESTABLISHED)
tuic-serv 11653 root  765u     IPv4             369956      0t0    TCP jp-n01.internal.cloudapp.net:33790->a104-71-141-50.deploy.static.akamaitechnologies.com:https (ESTABLISHED)
tuic-serv 11653 root  766u     IPv4             368358      0t0    TCP jp-n01.internal.cloudapp.net:47682->a104-71-141-50.deploy.static.akamaitechnologies.com:https (ESTABLISHED)
tuic-serv 11653 root  767u     IPv4             368530      0t0    TCP jp-n01.internal.cloudapp.net:50346->a104-71-141-50.deploy.static.akamaitechnologies.com:https (ESTABLISHED)
tuic-serv 11653 root  768u     IPv4             370194      0t0    TCP jp-n01.internal.cloudapp.net:42838->a104-71-141-50.deploy.static.akamaitechnologies.com:https (ESTABLISHED)
tuic-serv 11653 root  769u     IPv4             370990      0t0    TCP jp-n01.internal.cloudapp.net:37138->a104-71-141-50.deploy.static.akamaitechnologies.com:https (ESTABLISHED)
tuic-serv 11653 root  770u     IPv4             369264      0t0    TCP jp-n01.internal.cloudapp.net:56812->a104-71-141-50.deploy.static.akamaitechnologies.com:https (ESTABLISHED)
tuic-serv 11653 root  771u     IPv4             369355      0t0    TCP jp-n01.internal.cloudapp.net:42668->a104-71-141-50.deploy.static.akamaitechnologies.com:https (ESTABLISHED)
tuic-serv 11653 root  772u     IPv4             369428      0t0    TCP jp-n01.internal.cloudapp.net:49200->a104-71-141-50.deploy.static.akamaitechnologies.com:https (ESTABLISHED)
tuic-serv 11653 root  773u     IPv4             370873      0t0    TCP jp-n01.internal.cloudapp.net:46618->a104-71-141-50.deploy.static.akamaitechnologies.com:https (ESTABLISHED)
tuic-serv 11653 root  774u     IPv4             373884      0t0    TCP jp-n01.internal.cloudapp.net:41208->a104-71-141-50.deploy.static.akamaitechnologies.com:https (ESTABLISHED)
tuic-serv 11653 root  775u     IPv4             371230      0t0    TCP jp-n01.internal.cloudapp.net:54400->a104-71-141-50.deploy.static.akamaitechnologies.com:https (ESTABLISHED)
tuic-serv 11653 root  776u     IPv4             371314      0t0    TCP jp-n01.internal.cloudapp.net:52420->a104-71-141-50.deploy.static.akamaitechnologies.com:https (ESTABLISHED)
tuic-serv 11653 root  777u     IPv4             370061      0t0    TCP jp-n01.internal.cloudapp.net:42184->a104-71-141-50.deploy.static.akamaitechnologies.com:https (ESTABLISHED)
tuic-serv 11653 root  778u     IPv4             373931      0t0    TCP jp-n01.internal.cloudapp.net:59002->a104-71-141-50.deploy.static.akamaitechnologies.com:https (ESTABLISHED)
tuic-serv 11653 root  779u     IPv4             370307      0t0    TCP jp-n01.internal.cloudapp.net:53022->a104-71-141-50.deploy.static.akamaitechnologies.com:https (ESTABLISHED)
tuic-serv 11653 root  780u     IPv4             371772      0t0    TCP jp-n01.internal.cloudapp.net:35302->a104-71-141-50.deploy.static.akamaitechnologies.com:https (ESTABLISHED)
tuic-serv 11653 root  781u     IPv4             373972      0t0    TCP jp-n01.internal.cloudapp.net:57994->a104-71-141-50.deploy.static.akamaitechnologies.com:https (ESTABLISHED)
tuic-serv 11653 root  782u     IPv4             370887      0t0    TCP jp-n01.internal.cloudapp.net:33454->a104-71-141-50.deploy.static.akamaitechnologies.com:https (ESTABLISHED)
tuic-serv 11653 root  783u     IPv4             371354      0t0    TCP jp-n01.internal.cloudapp.net:57838->a104-71-141-50.deploy.static.akamaitechnologies.com:https (ESTABLISHED)
tuic-serv 11653 root  784u     IPv4             372487      0t0    TCP jp-n01.internal.cloudapp.net:44206->a104-71-141-50.deploy.static.akamaitechnologies.com:https (ESTABLISHED)
tuic-serv 11653 root  785u     IPv4             371449      0t0    TCP jp-n01.internal.cloudapp.net:36030->a104-71-141-50.deploy.static.akamaitechnologies.com:https (ESTABLISHED)
tuic-serv 11653 root  786u     IPv4             382017      0t0    TCP jp-n01.internal.cloudapp.net:42730->a23-32-13-159.deploy.static.akamaitechnologies.com:https (ESTABLISHED)
tuic-serv 11653 root  787u     IPv4             372122      0t0    TCP jp-n01.internal.cloudapp.net:53916->a104-71-141-50.deploy.static.akamaitechnologies.com:https (ESTABLISHED)
tuic-serv 11653 root  788u     IPv4             372169      0t0    TCP jp-n01.internal.cloudapp.net:49412->a104-71-141-50.deploy.static.akamaitechnologies.com:https (ESTABLISHED)
tuic-serv 11653 root  789u     IPv4             373321      0t0    TCP jp-n01.internal.cloudapp.net:44946->a104-71-141-50.deploy.static.akamaitechnologies.com:https (ESTABLISHED)
tuic-serv 11653 root  790u     IPv4             372340      0t0    TCP jp-n01.internal.cloudapp.net:46882->a104-71-141-50.deploy.static.akamaitechnologies.com:https (ESTABLISHED)
tuic-serv 11653 root  791u     IPv4             372677      0t0    TCP jp-n01.internal.cloudapp.net:54154->a104-71-141-50.deploy.static.akamaitechnologies.com:https (ESTABLISHED)
tuic-serv 11653 root  792u     IPv4             372965      0t0    TCP jp-n01.internal.cloudapp.net:53964->a104-71-141-50.deploy.static.akamaitechnologies.com:https (ESTABLISHED)
tuic-serv 11653 root  793u     IPv4             374021      0t0    TCP jp-n01.internal.cloudapp.net:33614->a104-71-141-50.deploy.static.akamaitechnologies.com:https (ESTABLISHED)
tuic-serv 11653 root  794u     IPv4             372983      0t0    TCP jp-n01.internal.cloudapp.net:42910->a104-71-141-50.deploy.static.akamaitechnologies.com:https (ESTABLISHED)
tuic-serv 11653 root  795u     IPv4             373026      0t0    TCP jp-n01.internal.cloudapp.net:54706->a104-71-141-50.deploy.static.akamaitechnologies.com:https (ESTABLISHED)
tuic-serv 11653 root  796u     IPv4             373101      0t0    TCP jp-n01.internal.cloudapp.net:46980->a104-71-141-50.deploy.static.akamaitechnologies.com:https (ESTABLISHED)
tuic-serv 11653 root  797u     IPv4             373270      0t0    TCP jp-n01.internal.cloudapp.net:57240->a104-71-141-50.deploy.static.akamaitechnologies.com:https (ESTABLISHED)
tuic-serv 11653 root  798u     IPv4             374731      0t0    TCP jp-n01.internal.cloudapp.net:33414->a104-71-141-50.deploy.static.akamaitechnologies.com:https (ESTABLISHED)
tuic-serv 11653 root  799u     IPv4             375958      0t0    TCP jp-n01.internal.cloudapp.net:58428->a104-71-141-50.deploy.static.akamaitechnologies.com:https (ESTABLISHED)
tuic-serv 11653 root  800u     IPv4             374072      0t0    TCP jp-n01.internal.cloudapp.net:37066->a104-71-141-50.deploy.static.akamaitechnologies.com:https (ESTABLISHED)
tuic-serv 11653 root  801u     IPv4             374154      0t0    TCP jp-n01.internal.cloudapp.net:34406->a104-71-141-50.deploy.static.akamaitechnologies.com:https (ESTABLISHED)
tuic-serv 11653 root  802u     IPv4             378845      0t0    TCP jp-n01.internal.cloudapp.net:38428->a23-32-13-159.deploy.static.akamaitechnologies.com:https (ESTABLISHED)
tuic-serv 11653 root  803u     IPv4             374353      0t0    TCP jp-n01.internal.cloudapp.net:60656->a104-71-141-50.deploy.static.akamaitechnologies.com:https (ESTABLISHED)
tuic-serv 11653 root  804u     IPv4             374397      0t0    TCP jp-n01.internal.cloudapp.net:53640->a104-71-141-50.deploy.static.akamaitechnologies.com:https (ESTABLISHED)
tuic-serv 11653 root  805u     IPv4             376149      0t0    TCP jp-n01.internal.cloudapp.net:40064->a104-71-141-50.deploy.static.akamaitechnologies.com:https (ESTABLISHED)
tuic-serv 11653 root  806u     IPv4             378317      0t0    TCP jp-n01.internal.cloudapp.net:56528->a23-32-13-159.deploy.static.akamaitechnologies.com:https (ESTABLISHED)
tuic-serv 11653 root  807u     IPv4             376258      0t0    TCP jp-n01.internal.cloudapp.net:57158->a104-71-141-50.deploy.static.akamaitechnologies.com:https (ESTABLISHED)
tuic-serv 11653 root  808u     IPv4             374902      0t0    TCP jp-n01.internal.cloudapp.net:58200->a104-71-141-50.deploy.static.akamaitechnologies.com:https (ESTABLISHED)
tuic-serv 11653 root  809u     IPv4             375007      0t0    TCP jp-n01.internal.cloudapp.net:57736->a104-71-141-50.deploy.static.akamaitechnologies.com:https (ESTABLISHED)
tuic-serv 11653 root  810u     IPv4             380581      0t0    TCP jp-n01.internal.cloudapp.net:33768->a23-32-13-159.deploy.static.akamaitechnologies.com:https (ESTABLISHED)
tuic-serv 11653 root  811u     IPv4             375179      0t0    TCP jp-n01.internal.cloudapp.net:57108->a104-71-141-50.deploy.static.akamaitechnologies.com:https (ESTABLISHED)
tuic-serv 11653 root  812u     IPv4             391436      0t0    TCP jp-n01.internal.cloudapp.net:52484->a104-71-141-50.deploy.static.akamaitechnologies.com:https (ESTABLISHED)
tuic-serv 11653 root  813u     IPv4             379286      0t0    TCP jp-n01.internal.cloudapp.net:45898->a23-32-13-159.deploy.static.akamaitechnologies.com:https (ESTABLISHED)
tuic-serv 11653 root  814u     IPv4             376847      0t0    TCP jp-n01.internal.cloudapp.net:34320->a104-71-141-50.deploy.static.akamaitechnologies.com:https (ESTABLISHED)
tuic-serv 11653 root  815u     IPv4             377079      0t0    TCP jp-n01.internal.cloudapp.net:60270->a104-71-141-50.deploy.static.akamaitechnologies.com:https (ESTABLISHED)
tuic-serv 11653 root  816u     IPv4             379404      0t0    TCP jp-n01.internal.cloudapp.net:38104->a23-32-13-159.deploy.static.akamaitechnologies.com:https (ESTABLISHED)
tuic-serv 11653 root  817u     IPv4             379727      0t0    TCP jp-n01.internal.cloudapp.net:38440->a23-32-13-159.deploy.static.akamaitechnologies.com:https (ESTABLISHED)
tuic-serv 11653 root  818u     IPv4             381058      0t0    TCP jp-n01.internal.cloudapp.net:47974->a23-32-13-159.deploy.static.akamaitechnologies.com:https (ESTABLISHED)
tuic-serv 11653 root  819u     IPv4             420829      0t0    TCP jp-n01.internal.cloudapp.net:40650->a104-71-141-50.deploy.static.akamaitechnologies.com:https (ESTABLISHED)
tuic-serv 11653 root  820u     IPv4             378629      0t0    TCP jp-n01.internal.cloudapp.net:59990->a23-32-13-159.deploy.static.akamaitechnologies.com:https (ESTABLISHED)
tuic-serv 11653 root  821u     IPv4             378975      0t0    TCP jp-n01.internal.cloudapp.net:54264->a23-32-13-159.deploy.static.akamaitechnologies.com:https (ESTABLISHED)
tuic-serv 11653 root  822u     IPv4             379128      0t0    TCP jp-n01.internal.cloudapp.net:42966->a23-32-13-159.deploy.static.akamaitechnologies.com:https (ESTABLISHED)
tuic-serv 11653 root  823u     IPv4             379202      0t0    TCP jp-n01.internal.cloudapp.net:50424->a23-32-13-159.deploy.static.akamaitechnologies.com:https (ESTABLISHED)
tuic-serv 11653 root  824u     IPv4             382102      0t0    TCP jp-n01.internal.cloudapp.net:47940->a23-32-13-159.deploy.static.akamaitechnologies.com:https (ESTABLISHED)
tuic-serv 11653 root  825u     IPv4             379334      0t0    TCP jp-n01.internal.cloudapp.net:58204->a23-32-13-159.deploy.static.akamaitechnologies.com:https (ESTABLISHED)
tuic-serv 11653 root  826u     IPv4             379447      0t0    TCP jp-n01.internal.cloudapp.net:46208->a23-32-13-159.deploy.static.akamaitechnologies.com:https (ESTABLISHED)
tuic-serv 11653 root  827u     IPv4             379460      0t0    TCP jp-n01.internal.cloudapp.net:33758->a23-32-13-159.deploy.static.akamaitechnologies.com:https (ESTABLISHED)
tuic-serv 11653 root  828u     IPv4             379592      0t0    TCP jp-n01.internal.cloudapp.net:51514->a23-32-13-159.deploy.static.akamaitechnologies.com:https (ESTABLISHED)
tuic-serv 11653 root  829u     IPv4             380179      0t0    TCP jp-n01.internal.cloudapp.net:57652->a23-32-13-159.deploy.static.akamaitechnologies.com:https (ESTABLISHED)
tuic-serv 11653 root  830u     IPv4             381087      0t0    TCP jp-n01.internal.cloudapp.net:35500->a23-32-13-159.deploy.static.akamaitechnologies.com:https (ESTABLISHED)
tuic-serv 11653 root  831u     IPv4             380222      0t0    TCP jp-n01.internal.cloudapp.net:34254->a23-32-13-159.deploy.static.akamaitechnologies.com:https (ESTABLISHED)
tuic-serv 11653 root  832u     IPv4             381752      0t0    TCP jp-n01.internal.cloudapp.net:43270->a23-32-13-159.deploy.static.akamaitechnologies.com:https (ESTABLISHED)
tuic-serv 11653 root  833u     IPv4             380305      0t0    TCP jp-n01.internal.cloudapp.net:45664->a23-32-13-159.deploy.static.akamaitechnologies.com:https (ESTABLISHED)
tuic-serv 11653 root  834u     IPv4             381468      0t0    TCP jp-n01.internal.cloudapp.net:47768->a23-32-13-159.deploy.static.akamaitechnologies.com:https (ESTABLISHED)
tuic-serv 11653 root  835u     IPv4             380384      0t0    TCP jp-n01.internal.cloudapp.net:47148->a23-32-13-159.deploy.static.akamaitechnologies.com:https (ESTABLISHED)
tuic-serv 11653 root  836u     IPv4             380448      0t0    TCP jp-n01.internal.cloudapp.net:47616->a23-32-13-159.deploy.static.akamaitechnologies.com:https (ESTABLISHED)
tuic-serv 11653 root  837u     IPv4             380481      0t0    TCP jp-n01.internal.cloudapp.net:48738->a23-32-13-159.deploy.static.akamaitechnologies.com:https (ESTABLISHED)
tuic-serv 11653 root  838u     IPv4             382390      0t0    TCP jp-n01.internal.cloudapp.net:53580->a23-32-13-159.deploy.static.akamaitechnologies.com:https (ESTABLISHED)
tuic-serv 11653 root  839u     IPv4             381208      0t0    TCP jp-n01.internal.cloudapp.net:52620->a23-32-13-159.deploy.static.akamaitechnologies.com:https (ESTABLISHED)
tuic-serv 11653 root  840u     IPv4             381264      0t0    TCP jp-n01.internal.cloudapp.net:33748->a23-32-13-159.deploy.static.akamaitechnologies.com:https (ESTABLISHED)
tuic-serv 11653 root  841u     IPv4             381361      0t0    TCP jp-n01.internal.cloudapp.net:43128->a23-32-13-159.deploy.static.akamaitechnologies.com:https (ESTABLISHED)
tuic-serv 11653 root  842u     IPv4             383451      0t0    TCP jp-n01.internal.cloudapp.net:44914->a23-32-13-159.deploy.static.akamaitechnologies.com:https (ESTABLISHED)
tuic-serv 11653 root  843u     IPv4             383120      0t0    TCP jp-n01.internal.cloudapp.net:41860->a23-32-13-159.deploy.static.akamaitechnologies.com:https (ESTABLISHED)
tuic-serv 11653 root  844u     IPv4             381503      0t0    TCP jp-n01.internal.cloudapp.net:49126->a23-32-13-159.deploy.static.akamaitechnologies.com:https (ESTABLISHED)
tuic-serv 11653 root  845u     IPv4             383309      0t0    TCP jp-n01.internal.cloudapp.net:59108->a23-32-13-159.deploy.static.akamaitechnologies.com:https (ESTABLISHED)
tuic-serv 11653 root  846u     IPv4             381552      0t0    TCP jp-n01.internal.cloudapp.net:34724->a23-32-13-159.deploy.static.akamaitechnologies.com:https (ESTABLISHED)
tuic-serv 11653 root  847u     IPv4             381863      0t0    TCP jp-n01.internal.cloudapp.net:52002->a23-32-13-159.deploy.static.akamaitechnologies.com:https (ESTABLISHED)
tuic-serv 11653 root  848u     IPv4             389524      0t0    TCP jp-n01.internal.cloudapp.net:57770->a104-71-141-50.deploy.static.akamaitechnologies.com:https (ESTABLISHED)
tuic-serv 11653 root  849u     IPv4             390946      0t0    TCP jp-n01.internal.cloudapp.net:59252->a104-71-141-50.deploy.static.akamaitechnologies.com:https (ESTABLISHED)
tuic-serv 11653 root  850u     IPv4             382118      0t0    TCP jp-n01.internal.cloudapp.net:57366->a23-32-13-159.deploy.static.akamaitechnologies.com:https (ESTABLISHED)
tuic-serv 11653 root  851u     IPv4             384606      0t0    TCP jp-n01.internal.cloudapp.net:50404->a104-71-141-50.deploy.static.akamaitechnologies.com:https (ESTABLISHED)
tuic-serv 11653 root  852u     IPv4             383560      0t0    TCP jp-n01.internal.cloudapp.net:60572->a23-32-13-159.deploy.static.akamaitechnologies.com:https (ESTABLISHED)
tuic-serv 11653 root  853u     IPv4             388750      0t0    TCP jp-n01.internal.cloudapp.net:42042->a104-71-141-50.deploy.static.akamaitechnologies.com:https (ESTABLISHED)
tuic-serv 11653 root  854u     IPv4             404139      0t0    TCP jp-n01.internal.cloudapp.net:56536->a104-71-141-50.deploy.static.akamaitechnologies.com:https (ESTABLISHED)
tuic-serv 11653 root  855u     IPv4             382777      0t0    TCP jp-n01.internal.cloudapp.net:47700->a23-32-13-159.deploy.static.akamaitechnologies.com:https (ESTABLISHED)
tuic-serv 11653 root  856u     IPv4             383037      0t0    TCP jp-n01.internal.cloudapp.net:48340->a23-32-13-159.deploy.static.akamaitechnologies.com:https (ESTABLISHED)
tuic-serv 11653 root  857u     IPv4             385550      0t0    TCP jp-n01.internal.cloudapp.net:39556->a104-71-141-50.deploy.static.akamaitechnologies.com:https (ESTABLISHED)
tuic-serv 11653 root  858u     IPv4             388061      0t0    TCP jp-n01.internal.cloudapp.net:56016->a104-71-141-50.deploy.static.akamaitechnologies.com:https (ESTABLISHED)
tuic-serv 11653 root  859u     IPv4             388155      0t0    TCP jp-n01.internal.cloudapp.net:35056->a104-71-141-50.deploy.static.akamaitechnologies.com:https (ESTABLISHED)
tuic-serv 11653 root  860u     IPv4             409690      0t0    TCP jp-n01.internal.cloudapp.net:48816->a104-71-141-50.deploy.static.akamaitechnologies.com:https (ESTABLISHED)
tuic-serv 11653 root  861u     IPv4             389929      0t0    TCP jp-n01.internal.cloudapp.net:43752->a104-71-141-50.deploy.static.akamaitechnologies.com:https (ESTABLISHED)
tuic-serv 11653 root  862u     IPv4             391790      0t0    TCP jp-n01.internal.cloudapp.net:46518->a104-71-141-50.deploy.static.akamaitechnologies.com:https (ESTABLISHED)
tuic-serv 11653 root  863u     IPv4             388382      0t0    TCP jp-n01.internal.cloudapp.net:53598->a104-71-141-50.deploy.static.akamaitechnologies.com:https (ESTABLISHED)
tuic-serv 11653 root  864u     IPv4             388628      0t0    TCP jp-n01.internal.cloudapp.net:50680->a104-71-141-50.deploy.static.akamaitechnologies.com:https (ESTABLISHED)
tuic-serv 11653 root  865u     IPv4             389126      0t0    TCP jp-n01.internal.cloudapp.net:55090->a104-71-141-50.deploy.static.akamaitechnologies.com:https (ESTABLISHED)
tuic-serv 11653 root  866u     IPv4             434786      0t0    TCP jp-n01.internal.cloudapp.net:54422->a23-32-13-159.deploy.static.akamaitechnologies.com:https (ESTABLISHED)
tuic-serv 11653 root  867u     IPv4             390224      0t0    TCP jp-n01.internal.cloudapp.net:46366->a104-71-141-50.deploy.static.akamaitechnologies.com:https (ESTABLISHED)
tuic-serv 11653 root  868u     IPv4             435107      0t0    TCP jp-n01.internal.cloudapp.net:48960->a23-32-13-159.deploy.static.akamaitechnologies.com:https (ESTABLISHED)
tuic-serv 11653 root  869u     IPv4             389616      0t0    TCP jp-n01.internal.cloudapp.net:52364->a104-71-141-50.deploy.static.akamaitechnologies.com:https (ESTABLISHED)
tuic-serv 11653 root  870u     IPv4             389715      0t0    TCP jp-n01.internal.cloudapp.net:44120->a104-71-141-50.deploy.static.akamaitechnologies.com:https (ESTABLISHED)
tuic-serv 11653 root  871u     IPv4             440036      0t0    TCP jp-n01.internal.cloudapp.net:43496->a23-32-13-159.deploy.static.akamaitechnologies.com:https (ESTABLISHED)
tuic-serv 11653 root  872u     IPv4             391651      0t0    TCP jp-n01.internal.cloudapp.net:58412->a104-71-141-50.deploy.static.akamaitechnologies.com:https (ESTABLISHED)
tuic-serv 11653 root  873u     IPv4             390201      0t0    TCP jp-n01.internal.cloudapp.net:32992->a104-71-141-50.deploy.static.akamaitechnologies.com:https (ESTABLISHED)
tuic-serv 11653 root  874u     IPv4             404299      0t0    TCP jp-n01.internal.cloudapp.net:51098->a104-71-141-50.deploy.static.akamaitechnologies.com:https (ESTABLISHED)
tuic-serv 11653 root  875u     IPv4             409896      0t0    TCP jp-n01.internal.cloudapp.net:60180->a104-71-141-50.deploy.static.akamaitechnologies.com:https (ESTABLISHED)
tuic-serv 11653 root  876u     IPv4             392454      0t0    TCP jp-n01.internal.cloudapp.net:50294->a104-71-141-50.deploy.static.akamaitechnologies.com:https (ESTABLISHED)
tuic-serv 11653 root  877u     IPv4             391168      0t0    TCP jp-n01.internal.cloudapp.net:59218->a104-71-141-50.deploy.static.akamaitechnologies.com:https (ESTABLISHED)
tuic-serv 11653 root  878u     IPv4             392502      0t0    TCP jp-n01.internal.cloudapp.net:59072->a104-71-141-50.deploy.static.akamaitechnologies.com:https (ESTABLISHED)
tuic-serv 11653 root  879u     IPv4             391217      0t0    TCP jp-n01.internal.cloudapp.net:45386->a104-71-141-50.deploy.static.akamaitechnologies.com:https (ESTABLISHED)
tuic-serv 11653 root  880u     IPv4             393074      0t0    TCP jp-n01.internal.cloudapp.net:38474->a104-71-141-50.deploy.static.akamaitechnologies.com:https (ESTABLISHED)
tuic-serv 11653 root  881u     IPv4             392726      0t0    TCP jp-n01.internal.cloudapp.net:41958->a104-71-141-50.deploy.static.akamaitechnologies.com:https (ESTABLISHED)
tuic-serv 11653 root  882u     IPv4             392096      0t0    TCP jp-n01.internal.cloudapp.net:35098->a104-71-141-50.deploy.static.akamaitechnologies.com:https (ESTABLISHED)
tuic-serv 11653 root  883u     IPv4             398067      0t0    TCP jp-n01.internal.cloudapp.net:50776->a104-71-141-50.deploy.static.akamaitechnologies.com:https (ESTABLISHED)
tuic-serv 11653 root  884u     IPv4             392119      0t0    TCP jp-n01.internal.cloudapp.net:39744->a104-71-141-50.deploy.static.akamaitechnologies.com:https (ESTABLISHED)
tuic-serv 11653 root  885u     IPv4             392631      0t0    TCP jp-n01.internal.cloudapp.net:53096->a104-71-141-50.deploy.static.akamaitechnologies.com:https (ESTABLISHED)
tuic-serv 11653 root  886u     IPv4             392711      0t0    TCP jp-n01.internal.cloudapp.net:48046->a104-71-141-50.deploy.static.akamaitechnologies.com:https (ESTABLISHED)
tuic-serv 11653 root  887u     IPv4             396588      0t0    TCP jp-n01.internal.cloudapp.net:60412->a104-71-141-50.deploy.static.akamaitechnologies.com:https (ESTABLISHED)
tuic-serv 11653 root  888u     IPv4             392745      0t0    TCP jp-n01.internal.cloudapp.net:41860->a104-71-141-50.deploy.static.akamaitechnologies.com:https (ESTABLISHED)
tuic-serv 11653 root  889u     IPv4             396936      0t0    TCP jp-n01.internal.cloudapp.net:50720->a104-71-141-50.deploy.static.akamaitechnologies.com:https (ESTABLISHED)
tuic-serv 11653 root  890u     IPv4             397260      0t0    TCP jp-n01.internal.cloudapp.net:34008->a104-71-141-50.deploy.static.akamaitechnologies.com:https (ESTABLISHED)
tuic-serv 11653 root  891u     IPv4             393193      0t0    TCP jp-n01.internal.cloudapp.net:49544->a104-71-141-50.deploy.static.akamaitechnologies.com:https (ESTABLISHED)
tuic-serv 11653 root  892u     IPv4             393443      0t0    TCP jp-n01.internal.cloudapp.net:48050->a104-71-141-50.deploy.static.akamaitechnologies.com:https (ESTABLISHED)
tuic-serv 11653 root  893u     IPv4             400462      0t0    TCP jp-n01.internal.cloudapp.net:39550->a104-71-141-50.deploy.static.akamaitechnologies.com:https (ESTABLISHED)
tuic-serv 11653 root  894u     IPv4             397641      0t0    TCP jp-n01.internal.cloudapp.net:51740->a104-71-141-50.deploy.static.akamaitechnologies.com:https (ESTABLISHED)
tuic-serv 11653 root  895u     IPv4             401891      0t0    TCP jp-n01.internal.cloudapp.net:35172->a104-71-141-50.deploy.static.akamaitechnologies.com:https (ESTABLISHED)
tuic-serv 11653 root  896u     IPv4             402113      0t0    TCP jp-n01.internal.cloudapp.net:52968->a104-71-141-50.deploy.static.akamaitechnologies.com:https (ESTABLISHED)
tuic-serv 11653 root  897u     IPv4             406824      0t0    TCP jp-n01.internal.cloudapp.net:49576->a104-71-141-50.deploy.static.akamaitechnologies.com:https (ESTABLISHED)
tuic-serv 11653 root  898u     IPv4             417234      0t0    TCP jp-n01.internal.cloudapp.net:43416->a23-32-13-159.deploy.static.akamaitechnologies.com:https (ESTABLISHED)
tuic-serv 11653 root  899u     IPv4             402447      0t0    TCP jp-n01.internal.cloudapp.net:46950->a104-71-141-50.deploy.static.akamaitechnologies.com:https (ESTABLISHED)
tuic-serv 11653 root  900u     IPv4             401500      0t0    TCP jp-n01.internal.cloudapp.net:54930->a104-71-141-50.deploy.static.akamaitechnologies.com:https (ESTABLISHED)
tuic-serv 11653 root  901u     IPv4             394600      0t0    TCP jp-n01.internal.cloudapp.net:40040->a104-71-141-50.deploy.static.akamaitechnologies.com:https (ESTABLISHED)
tuic-serv 11653 root  902u     IPv4             400526      0t0    TCP jp-n01.internal.cloudapp.net:53268->a104-71-141-50.deploy.static.akamaitechnologies.com:https (ESTABLISHED)
tuic-serv 11653 root  903u     IPv4             400654      0t0    TCP jp-n01.internal.cloudapp.net:51074->a104-71-141-50.deploy.static.akamaitechnologies.com:https (ESTABLISHED)
tuic-serv 11653 root  904u     IPv4             404516      0t0    TCP jp-n01.internal.cloudapp.net:39924->a104-71-141-50.deploy.static.akamaitechnologies.com:https (ESTABLISHED)
tuic-serv 11653 root  905u     IPv4             394192      0t0    TCP jp-n01.internal.cloudapp.net:50280->a104-71-141-50.deploy.static.akamaitechnologies.com:https (ESTABLISHED)
tuic-serv 11653 root  906u     IPv4             400735      0t0    TCP jp-n01.internal.cloudapp.net:50380->a104-71-141-50.deploy.static.akamaitechnologies.com:https (ESTABLISHED)
tuic-serv 11653 root  907u     IPv4             400942      0t0    TCP jp-n01.internal.cloudapp.net:52106->a104-71-141-50.deploy.static.akamaitechnologies.com:https (ESTABLISHED)
tuic-serv 11653 root  908u     IPv4             413553      0t0    TCP jp-n01.internal.cloudapp.net:54118->a104-71-141-50.deploy.static.akamaitechnologies.com:https (ESTABLISHED)
tuic-serv 11653 root  909u     IPv4             418678      0t0    TCP jp-n01.internal.cloudapp.net:55324->a23-32-13-159.deploy.static.akamaitechnologies.com:https (ESTABLISHED)
tuic-serv 11653 root  910u     IPv4             401022      0t0    TCP jp-n01.internal.cloudapp.net:42640->a104-71-141-50.deploy.static.akamaitechnologies.com:https (ESTABLISHED)
tuic-serv 11653 root  911u     IPv4             407101      0t0    TCP jp-n01.internal.cloudapp.net:45030->a104-71-141-50.deploy.static.akamaitechnologies.com:https (ESTABLISHED)
tuic-serv 11653 root  912u     IPv4             401284      0t0    TCP jp-n01.internal.cloudapp.net:41288->a104-71-141-50.deploy.static.akamaitechnologies.com:https (ESTABLISHED)
tuic-serv 11653 root  913u     IPv4             425629      0t0    TCP jp-n01.internal.cloudapp.net:60854->a23-32-13-159.deploy.static.akamaitechnologies.com:https (ESTABLISHED)
tuic-serv 11653 root  914u     IPv4             404576      0t0    TCP jp-n01.internal.cloudapp.net:33932->a104-71-141-50.deploy.static.akamaitechnologies.com:https (ESTABLISHED)
tuic-serv 11653 root  915u     IPv4             405132      0t0    TCP jp-n01.internal.cloudapp.net:38864->a104-71-141-50.deploy.static.akamaitechnologies.com:https (ESTABLISHED)
tuic-serv 11653 root  916u     IPv4             405587      0t0    TCP jp-n01.internal.cloudapp.net:45520->a104-71-141-50.deploy.static.akamaitechnologies.com:https (ESTABLISHED)
tuic-serv 11653 root  917u     IPv4             405665      0t0    TCP jp-n01.internal.cloudapp.net:40276->a104-71-141-50.deploy.static.akamaitechnologies.com:https (ESTABLISHED)
tuic-serv 11653 root  918u     IPv4             418179      0t0    TCP jp-n01.internal.cloudapp.net:36652->a23-32-13-159.deploy.static.akamaitechnologies.com:https (ESTABLISHED)
tuic-serv 11653 root  919u     IPv4             422499      0t0    TCP jp-n01.internal.cloudapp.net:51496->a104-71-141-50.deploy.static.akamaitechnologies.com:https (ESTABLISHED)
tuic-serv 11653 root  920u     IPv4             407255      0t0    TCP jp-n01.internal.cloudapp.net:51992->a104-71-141-50.deploy.static.akamaitechnologies.com:https (ESTABLISHED)
tuic-serv 11653 root  921u     IPv4             407406      0t0    TCP jp-n01.internal.cloudapp.net:34216->a104-71-141-50.deploy.static.akamaitechnologies.com:https (ESTABLISHED)
tuic-serv 11653 root  922u     IPv4             408876      0t0    TCP jp-n01.internal.cloudapp.net:43242->a104-71-141-50.deploy.static.akamaitechnologies.com:https (ESTABLISHED)
tuic-serv 11653 root  923u     IPv4             410104      0t0    TCP jp-n01.internal.cloudapp.net:48812->a104-71-141-50.deploy.static.akamaitechnologies.com:https (ESTABLISHED)
tuic-serv 11653 root  924u     IPv4             418205      0t0    TCP jp-n01.internal.cloudapp.net:53128->a23-32-13-159.deploy.static.akamaitechnologies.com:https (ESTABLISHED)
tuic-serv 11653 root  925u     IPv4             412300      0t0    TCP jp-n01.internal.cloudapp.net:35730->a104-71-141-50.deploy.static.akamaitechnologies.com:https (ESTABLISHED)
tuic-serv 11653 root  926u     IPv4             408681      0t0    TCP jp-n01.internal.cloudapp.net:52798->a104-71-141-50.deploy.static.akamaitechnologies.com:https (ESTABLISHED)
tuic-serv 11653 root  927u     IPv4             407798      0t0    TCP jp-n01.internal.cloudapp.net:58214->a104-71-141-50.deploy.static.akamaitechnologies.com:https (ESTABLISHED)
tuic-serv 11653 root  928u     IPv4             419112      0t0    TCP jp-n01.internal.cloudapp.net:36974->a23-32-13-159.deploy.static.akamaitechnologies.com:https (ESTABLISHED)
tuic-serv 11653 root  929u     IPv4             412913      0t0    TCP jp-n01.internal.cloudapp.net:36538->a104-71-141-50.deploy.static.akamaitechnologies.com:https (ESTABLISHED)
tuic-serv 11653 root  930u     IPv4             410483      0t0    TCP jp-n01.internal.cloudapp.net:41392->a104-71-141-50.deploy.static.akamaitechnologies.com:https (ESTABLISHED)
tuic-serv 11653 root  931u     IPv4             408562      0t0    TCP jp-n01.internal.cloudapp.net:39058->a104-71-141-50.deploy.static.akamaitechnologies.com:https (ESTABLISHED)
tuic-serv 11653 root  932u     IPv4             413081      0t0    TCP jp-n01.internal.cloudapp.net:56294->a104-71-141-50.deploy.static.akamaitechnologies.com:https (ESTABLISHED)
tuic-serv 11653 root  933u     IPv4             411715      0t0    TCP jp-n01.internal.cloudapp.net:48082->a104-71-141-50.deploy.static.akamaitechnologies.com:https (ESTABLISHED)
tuic-serv 11653 root  934u     IPv4             411978      0t0    TCP jp-n01.internal.cloudapp.net:51832->a104-71-141-50.deploy.static.akamaitechnologies.com:https (ESTABLISHED)
tuic-serv 11653 root  935u     IPv4             411981      0t0    TCP jp-n01.internal.cloudapp.net:51838->a104-71-141-50.deploy.static.akamaitechnologies.com:https (ESTABLISHED)
tuic-serv 11653 root  936u     IPv4             412150      0t0    TCP jp-n01.internal.cloudapp.net:49560->a104-71-141-50.deploy.static.akamaitechnologies.com:https (ESTABLISHED)
tuic-serv 11653 root  937u     IPv4             415401      0t0    TCP jp-n01.internal.cloudapp.net:39258->a23-32-13-159.deploy.static.akamaitechnologies.com:https (ESTABLISHED)
tuic-serv 11653 root  938u     IPv4             421523      0t0    TCP jp-n01.internal.cloudapp.net:35650->a104-71-141-50.deploy.static.akamaitechnologies.com:https (ESTABLISHED)
tuic-serv 11653 root  939u     IPv4             412777      0t0    TCP jp-n01.internal.cloudapp.net:35656->a104-71-141-50.deploy.static.akamaitechnologies.com:https (ESTABLISHED)
tuic-serv 11653 root  940u     IPv4             412654      0t0    TCP jp-n01.internal.cloudapp.net:40790->a104-71-141-50.deploy.static.akamaitechnologies.com:https (ESTABLISHED)
tuic-serv 11653 root  941u     IPv4             413169      0t0    TCP jp-n01.internal.cloudapp.net:46682->a104-71-141-50.deploy.static.akamaitechnologies.com:https (ESTABLISHED)
tuic-serv 11653 root  942u     IPv4             413490      0t0    TCP jp-n01.internal.cloudapp.net:55270->a104-71-141-50.deploy.static.akamaitechnologies.com:https (ESTABLISHED)
tuic-serv 11653 root  943u     IPv4             414239      0t0    TCP jp-n01.internal.cloudapp.net:57122->a23-32-13-159.deploy.static.akamaitechnologies.com:https (ESTABLISHED)
tuic-serv 11653 root  944u     IPv4             414783      0t0    TCP jp-n01.internal.cloudapp.net:52254->a23-32-13-159.deploy.static.akamaitechnologies.com:https (ESTABLISHED)
tuic-serv 11653 root  945u     IPv4             419619      0t0    TCP jp-n01.internal.cloudapp.net:55570->a23-32-13-159.deploy.static.akamaitechnologies.com:https (ESTABLISHED)
tuic-serv 11653 root  946u     IPv4             415800      0t0    TCP jp-n01.internal.cloudapp.net:37638->a23-32-13-159.deploy.static.akamaitechnologies.com:https (ESTABLISHED)
tuic-serv 11653 root  947u     IPv4             395170      0t0    TCP jp-n01.internal.cloudapp.net:59514->a104-71-141-50.deploy.static.akamaitechnologies.com:https (ESTABLISHED)
tuic-serv 11653 root  948u     IPv4             419912      0t0    TCP jp-n01.internal.cloudapp.net:35312->a23-32-13-159.deploy.static.akamaitechnologies.com:https (ESTABLISHED)
tuic-serv 11653 root  949u     IPv4             420097      0t0    TCP jp-n01.internal.cloudapp.net:56066->a23-32-13-159.deploy.static.akamaitechnologies.com:https (ESTABLISHED)
tuic-serv 11653 root  950u     IPv4             418372      0t0    TCP jp-n01.internal.cloudapp.net:42014->a23-32-13-159.deploy.static.akamaitechnologies.com:https (ESTABLISHED)
tuic-serv 11653 root  951u     IPv4             446739      0t0    TCP jp-n01.internal.cloudapp.net:53540->a23-32-13-159.deploy.static.akamaitechnologies.com:https (ESTABLISHED)
tuic-serv 11653 root  952u     IPv4             426057      0t0    TCP jp-n01.internal.cloudapp.net:47958->a23-32-13-159.deploy.static.akamaitechnologies.com:https (ESTABLISHED)
tuic-serv 11653 root  953u     IPv4             414087      0t0    TCP jp-n01.internal.cloudapp.net:58232->a23-32-13-159.deploy.static.akamaitechnologies.com:https (ESTABLISHED)
tuic-serv 11653 root  954u     IPv4             418586      0t0    TCP jp-n01.internal.cloudapp.net:52896->a23-32-13-159.deploy.static.akamaitechnologies.com:https (ESTABLISHED)
tuic-serv 11653 root  955u     IPv4             418599      0t0    TCP jp-n01.internal.cloudapp.net:36346->a23-32-13-159.deploy.static.akamaitechnologies.com:https (ESTABLISHED)
tuic-serv 11653 root  956u     IPv4             418681      0t0    TCP jp-n01.internal.cloudapp.net:55326->a23-32-13-159.deploy.static.akamaitechnologies.com:https (ESTABLISHED)
tuic-serv 11653 root  957u     IPv4             441855      0t0    TCP jp-n01.internal.cloudapp.net:38014->a23-32-13-159.deploy.static.akamaitechnologies.com:https (ESTABLISHED)
tuic-serv 11653 root  958u     IPv4             419695      0t0    TCP jp-n01.internal.cloudapp.net:56848->a23-32-13-159.deploy.static.akamaitechnologies.com:https (ESTABLISHED)
tuic-serv 11653 root  959u     IPv4             419777      0t0    TCP jp-n01.internal.cloudapp.net:38536->a23-32-13-159.deploy.static.akamaitechnologies.com:https (ESTABLISHED)
tuic-serv 11653 root  960u     IPv4             436102      0t0    TCP jp-n01.internal.cloudapp.net:52410->a23-32-13-159.deploy.static.akamaitechnologies.com:https (ESTABLISHED)
tuic-serv 11653 root  961u     IPv4             419862      0t0    TCP jp-n01.internal.cloudapp.net:51968->a23-32-13-159.deploy.static.akamaitechnologies.com:https (ESTABLISHED)
tuic-serv 11653 root  962u     IPv4             425343      0t0    TCP jp-n01.internal.cloudapp.net:45662->a23-32-13-159.deploy.static.akamaitechnologies.com:https (ESTABLISHED)
tuic-serv 11653 root  963u     IPv4             420361      0t0    TCP jp-n01.internal.cloudapp.net:42302->a104-71-141-50.deploy.static.akamaitechnologies.com:https (ESTABLISHED)
tuic-serv 11653 root  964u     IPv4             427909      0t0    TCP jp-n01.internal.cloudapp.net:54782->a23-32-13-159.deploy.static.akamaitechnologies.com:https (ESTABLISHED)
tuic-serv 11653 root  965u     IPv4             427238      0t0    TCP jp-n01.internal.cloudapp.net:50938->a23-32-13-159.deploy.static.akamaitechnologies.com:https (ESTABLISHED)
tuic-serv 11653 root  966u     IPv4             420721      0t0    TCP jp-n01.internal.cloudapp.net:43986->a104-71-141-50.deploy.static.akamaitechnologies.com:https (ESTABLISHED)
tuic-serv 11653 root  967u     IPv4             422098      0t0    TCP jp-n01.internal.cloudapp.net:47760->a104-71-141-50.deploy.static.akamaitechnologies.com:https (ESTABLISHED)
tuic-serv 11653 root  968u     IPv4             445035      0t0    TCP jp-n01.internal.cloudapp.net:42996->a23-32-13-159.deploy.static.akamaitechnologies.com:https (ESTABLISHED)
tuic-serv 11653 root  969u     IPv4             466959      0t0    TCP jp-n01.internal.cloudapp.net:50746->a23-32-13-159.deploy.static.akamaitechnologies.com:https (ESTABLISHED)
tuic-serv 11653 root  970u     IPv4             420786      0t0    TCP jp-n01.internal.cloudapp.net:45796->a104-71-141-50.deploy.static.akamaitechnologies.com:https (ESTABLISHED)
tuic-serv 11653 root  971u     IPv4             421577      0t0    TCP jp-n01.internal.cloudapp.net:50220->a104-71-141-50.deploy.static.akamaitechnologies.com:https (ESTABLISHED)
tuic-serv 11653 root  972u     IPv4             421818      0t0    TCP jp-n01.internal.cloudapp.net:50178->a104-71-141-50.deploy.static.akamaitechnologies.com:https (ESTABLISHED)
tuic-serv 11653 root  973u     IPv4             439772      0t0    TCP jp-n01.internal.cloudapp.net:52714->a23-32-13-159.deploy.static.akamaitechnologies.com:https (ESTABLISHED)
tuic-serv 11653 root  974u     IPv4             420933      0t0    TCP jp-n01.internal.cloudapp.net:59916->a104-71-141-50.deploy.static.akamaitechnologies.com:https (ESTABLISHED)
tuic-serv 11653 root  975u     IPv4             421870      0t0    TCP jp-n01.internal.cloudapp.net:47180->a104-71-141-50.deploy.static.akamaitechnologies.com:https (ESTABLISHED)
tuic-serv 11653 root  976u     IPv4             481118      0t0    TCP jp-n01.internal.cloudapp.net:54896->a23-32-13-159.deploy.static.akamaitechnologies.com:https (ESTABLISHED)
tuic-serv 11653 root  977u     IPv4             413945      0t0    TCP jp-n01.internal.cloudapp.net:33476->a23-32-13-159.deploy.static.akamaitechnologies.com:https (ESTABLISHED)
tuic-serv 11653 root  978u     IPv4             421084      0t0    TCP jp-n01.internal.cloudapp.net:43840->a104-71-141-50.deploy.static.akamaitechnologies.com:https (ESTABLISHED)
tuic-serv 11653 root  979u     IPv4             425455      0t0    TCP jp-n01.internal.cloudapp.net:48028->a23-32-13-159.deploy.static.akamaitechnologies.com:https (ESTABLISHED)
tuic-serv 11653 root  980u     IPv4             443129      0t0    TCP jp-n01.internal.cloudapp.net:59702->a23-32-13-159.deploy.static.akamaitechnologies.com:https (ESTABLISHED)
tuic-serv 11653 root  981u     IPv4             424658      0t0    TCP jp-n01.internal.cloudapp.net:55022->a104-71-141-50.deploy.static.akamaitechnologies.com:https (ESTABLISHED)
tuic-serv 11653 root  982u     IPv4             417069      0t0    TCP jp-n01.internal.cloudapp.net:57328->a23-32-13-159.deploy.static.akamaitechnologies.com:https (ESTABLISHED)
tuic-serv 11653 root  983u     IPv4             424943      0t0    TCP jp-n01.internal.cloudapp.net:53778->a104-71-141-50.deploy.static.akamaitechnologies.com:https (ESTABLISHED)
tuic-serv 11653 root  984u     IPv4             425029      0t0    TCP jp-n01.internal.cloudapp.net:45406->a104-71-141-50.deploy.static.akamaitechnologies.com:https (ESTABLISHED)
tuic-serv 11653 root  985u     IPv4             425049      0t0    TCP jp-n01.internal.cloudapp.net:43548->a104-71-141-50.deploy.static.akamaitechnologies.com:https (ESTABLISHED)
tuic-serv 11653 root  986u     IPv4             425098      0t0    TCP jp-n01.internal.cloudapp.net:34534->a104-71-141-50.deploy.static.akamaitechnologies.com:https (ESTABLISHED)
tuic-serv 11653 root  987u     IPv4             425368      0t0    TCP jp-n01.internal.cloudapp.net:43962->a23-32-13-159.deploy.static.akamaitechnologies.com:https (ESTABLISHED)
tuic-serv 11653 root  988u     IPv4             435880      0t0    TCP jp-n01.internal.cloudapp.net:56704->a23-32-13-159.deploy.static.akamaitechnologies.com:https (ESTABLISHED)
tuic-serv 11653 root  989u     IPv4             465135      0t0    TCP jp-n01.internal.cloudapp.net:46520->a23-32-13-159.deploy.static.akamaitechnologies.com:https (ESTABLISHED)
tuic-serv 11653 root  990u     IPv4             434801      0t0    TCP jp-n01.internal.cloudapp.net:37790->a23-32-13-159.deploy.static.akamaitechnologies.com:https (ESTABLISHED)
tuic-serv 11653 root  991u     IPv4             425210      0t0    TCP jp-n01.internal.cloudapp.net:36074->a104-71-141-50.deploy.static.akamaitechnologies.com:https (ESTABLISHED)
tuic-serv 11653 root  992u     IPv4             425286      0t0    TCP jp-n01.internal.cloudapp.net:56084->a23-32-13-159.deploy.static.akamaitechnologies.com:https (ESTABLISHED)
tuic-serv 11653 root  993u     IPv4             434877      0t0    TCP jp-n01.internal.cloudapp.net:44054->a23-32-13-159.deploy.static.akamaitechnologies.com:https (ESTABLISHED)
tuic-serv 11653 root  994u     IPv4             434963      0t0    TCP jp-n01.internal.cloudapp.net:52722->a23-32-13-159.deploy.static.akamaitechnologies.com:https (ESTABLISHED)
tuic-serv 11653 root  995u     IPv4             432931      0t0    TCP jp-n01.internal.cloudapp.net:60922->a23-32-13-159.deploy.static.akamaitechnologies.com:https (ESTABLISHED)
tuic-serv 11653 root  996u     IPv4             465581      0t0    TCP jp-n01.internal.cloudapp.net:54888->a23-32-13-159.deploy.static.akamaitechnologies.com:https (ESTABLISHED)
tuic-serv 11653 root  997u     IPv4             432883      0t0    TCP jp-n01.internal.cloudapp.net:44976->a23-32-13-159.deploy.static.akamaitechnologies.com:https (ESTABLISHED)
tuic-serv 11653 root  998u     IPv4             426642      0t0    TCP jp-n01.internal.cloudapp.net:54064->a23-32-13-159.deploy.static.akamaitechnologies.com:https (ESTABLISHED)
tuic-serv 11653 root  999u     IPv4             434177      0t0    TCP jp-n01.internal.cloudapp.net:44346->a23-32-13-159.deploy.static.akamaitechnologies.com:https (ESTABLISHED)
tuic-serv 11653 root 1000u     IPv4             438063      0t0    TCP jp-n01.internal.cloudapp.net:55700->a23-32-13-159.deploy.static.akamaitechnologies.com:https (ESTABLISHED)
tuic-serv 11653 root 1001u     IPv4             435682      0t0    TCP jp-n01.internal.cloudapp.net:57160->a23-32-13-159.deploy.static.akamaitechnologies.com:https (ESTABLISHED)
tuic-serv 11653 root 1002u     IPv4             437151      0t0    TCP jp-n01.internal.cloudapp.net:43834->a23-32-13-159.deploy.static.akamaitechnologies.com:https (ESTABLISHED)
tuic-serv 11653 root 1003u     IPv4             433025      0t0    TCP jp-n01.internal.cloudapp.net:49736->a23-32-13-159.deploy.static.akamaitechnologies.com:https (ESTABLISHED)
tuic-serv 11653 root 1004u     IPv4             435200      0t0    TCP jp-n01.internal.cloudapp.net:48532->a23-32-13-159.deploy.static.akamaitechnologies.com:https (ESTABLISHED)
tuic-serv 11653 root 1005u     IPv4             435291      0t0    TCP jp-n01.internal.cloudapp.net:35174->a23-32-13-159.deploy.static.akamaitechnologies.com:https (ESTABLISHED)
tuic-serv 11653 root 1006u     IPv4             436585      0t0    TCP jp-n01.internal.cloudapp.net:34156->a23-32-13-159.deploy.static.akamaitechnologies.com:https (ESTABLISHED)
tuic-serv 11653 root 1007u     IPv4             436151      0t0    TCP jp-n01.internal.cloudapp.net:39988->a23-32-13-159.deploy.static.akamaitechnologies.com:https (ESTABLISHED)
tuic-serv 11653 root 1008u     IPv4             466575      0t0    TCP jp-n01.internal.cloudapp.net:53456->a23-32-13-159.deploy.static.akamaitechnologies.com:https (ESTABLISHED)
tuic-serv 11653 root 1009u     IPv4             437413      0t0    TCP jp-n01.internal.cloudapp.net:35056->a23-32-13-159.deploy.static.akamaitechnologies.com:https (ESTABLISHED)
tuic-serv 11653 root 1010u     IPv4             437561      0t0    TCP jp-n01.internal.cloudapp.net:56372->a23-32-13-159.deploy.static.akamaitechnologies.com:https (ESTABLISHED)
tuic-serv 11653 root 1011u     IPv4             440294      0t0    TCP jp-n01.internal.cloudapp.net:47738->a23-32-13-159.deploy.static.akamaitechnologies.com:https (ESTABLISHED)
tuic-serv 11653 root 1012u     IPv4             442542      0t0    TCP jp-n01.internal.cloudapp.net:42370->a23-32-13-159.deploy.static.akamaitechnologies.com:https (ESTABLISHED)
tuic-serv 11653 root 1013u     IPv4             441399      0t0    TCP jp-n01.internal.cloudapp.net:45166->a23-32-13-159.deploy.static.akamaitechnologies.com:https (ESTABLISHED)
tuic-serv 11653 root 1014u     IPv4             436733      0t0    TCP jp-n01.internal.cloudapp.net:44162->a23-32-13-159.deploy.static.akamaitechnologies.com:https (ESTABLISHED)
tuic-serv 11653 root 1015u     IPv4             436664      0t0    TCP jp-n01.internal.cloudapp.net:52196->a23-32-13-159.deploy.static.akamaitechnologies.com:https (ESTABLISHED)
tuic-serv 11653 root 1016u     IPv4             435380      0t0    TCP jp-n01.internal.cloudapp.net:38344->a23-32-13-159.deploy.static.akamaitechnologies.com:https (ESTABLISHED)
tuic-serv 11653 root 1017u     IPv4             433760      0t0    TCP jp-n01.internal.cloudapp.net:53376->a23-32-13-159.deploy.static.akamaitechnologies.com:https (ESTABLISHED)
tuic-serv 11653 root 1018u     IPv4             440687      0t0    TCP jp-n01.internal.cloudapp.net:60230->a23-32-13-159.deploy.static.akamaitechnologies.com:https (ESTABLISHED)
tuic-serv 11653 root 1019u     IPv4             437842      0t0    TCP jp-n01.internal.cloudapp.net:39432->a23-32-13-159.deploy.static.akamaitechnologies.com:https (ESTABLISHED)
tuic-serv 11653 root 1020u     IPv4             439317      0t0    TCP jp-n01.internal.cloudapp.net:47212->a23-32-13-159.deploy.static.akamaitechnologies.com:https (ESTABLISHED)
tuic-serv 11653 root 1021u     IPv4             439418      0t0    TCP jp-n01.internal.cloudapp.net:51118->a23-32-13-159.deploy.static.akamaitechnologies.com:https (ESTABLISHED)
tuic-serv 11653 root 1022u     IPv4             439477      0t0    TCP jp-n01.internal.cloudapp.net:52552->a23-32-13-159.deploy.static.akamaitechnologies.com:https (ESTABLISHED)
tuic-serv 11653 root 1023u     IPv4             435045      0t0    TCP jp-n01.internal.cloudapp.net:40696->a23-32-13-159.deploy.static.akamaitechnologies.com:https (ESTABLISHED)
tuic-serv 11653 root 1024u     IPv4             441414      0t0    TCP jp-n01.internal.cloudapp.net:55636->a23-32-13-159.deploy.static.akamaitechnologies.com:https (ESTABLISHED)
tuic-serv 11653 root 1025u     IPv4             446296      0t0    TCP jp-n01.internal.cloudapp.net:35266->a23-32-13-159.deploy.static.akamaitechnologies.com:https (ESTABLISHED)
tuic-serv 11653 root 1026u     IPv4             439620      0t0    TCP jp-n01.internal.cloudapp.net:60210->a23-32-13-159.deploy.static.akamaitechnologies.com:https (ESTABLISHED)
tuic-serv 11653 root 1027u     IPv4             439691      0t0    TCP jp-n01.internal.cloudapp.net:34860->a23-32-13-159.deploy.static.akamaitechnologies.com:https (ESTABLISHED)
tuic-serv 11653 root 1028u     IPv4             450100      0t0    TCP jp-n01.internal.cloudapp.net:40038->a23-32-13-159.deploy.static.akamaitechnologies.com:https (ESTABLISHED)
tuic-serv 11653 root 1029u     IPv4             446701      0t0    TCP jp-n01.internal.cloudapp.net:58700->a23-32-13-159.deploy.static.akamaitechnologies.com:https (ESTABLISHED)
tuic-serv 11653 root 1030u     IPv4             440758      0t0    TCP jp-n01.internal.cloudapp.net:45440->a23-32-13-159.deploy.static.akamaitechnologies.com:https (ESTABLISHED)
tuic-serv 11653 root 1031u     IPv4             440788      0t0    TCP jp-n01.internal.cloudapp.net:57890->a23-32-13-159.deploy.static.akamaitechnologies.com:https (ESTABLISHED)
tuic-serv 11653 root 1032u     IPv4             441949      0t0    TCP jp-n01.internal.cloudapp.net:34934->a23-32-13-159.deploy.static.akamaitechnologies.com:https (ESTABLISHED)
tuic-serv 11653 root 1033u     IPv4             444581      0t0    TCP jp-n01.internal.cloudapp.net:49106->a23-32-13-159.deploy.static.akamaitechnologies.com:https (ESTABLISHED)
tuic-serv 11653 root 1034u     IPv4             442175      0t0    TCP jp-n01.internal.cloudapp.net:42466->a23-32-13-159.deploy.static.akamaitechnologies.com:https (ESTABLISHED)
tuic-serv 11653 root 1035u     IPv4             450412      0t0    TCP jp-n01.internal.cloudapp.net:46900->a23-32-13-159.deploy.static.akamaitechnologies.com:https (ESTABLISHED)
tuic-serv 11653 root 1036u     IPv4             450166      0t0    TCP jp-n01.internal.cloudapp.net:59114->a23-32-13-159.deploy.static.akamaitechnologies.com:https (ESTABLISHED)
tuic-serv 11653 root 1037u     IPv4             450640      0t0    TCP jp-n01.internal.cloudapp.net:32936->a23-32-13-159.deploy.static.akamaitechnologies.com:https (ESTABLISHED)
tuic-serv 11653 root 1038u     IPv4             451000      0t0    TCP jp-n01.internal.cloudapp.net:50692->a23-32-13-159.deploy.static.akamaitechnologies.com:https (ESTABLISHED)
tuic-serv 11653 root 1039u     IPv4             453429      0t0    TCP jp-n01.internal.cloudapp.net:45290->a23-32-13-159.deploy.static.akamaitechnologies.com:https (ESTABLISHED)
tuic-serv 11653 root 1040u     IPv4             441625      0t0    TCP jp-n01.internal.cloudapp.net:40926->a23-32-13-159.deploy.static.akamaitechnologies.com:https (ESTABLISHED)
tuic-serv 11653 root 1041u     IPv4             458432      0t0    TCP jp-n01.internal.cloudapp.net:41496->a23-32-13-159.deploy.static.akamaitechnologies.com:https (ESTABLISHED)
tuic-serv 11653 root 1042u     IPv4             457839      0t0    TCP jp-n01.internal.cloudapp.net:51246->a23-32-13-159.deploy.static.akamaitechnologies.com:https (ESTABLISHED)
tuic-serv 11653 root 1043u     IPv4             456324      0t0    TCP jp-n01.internal.cloudapp.net:44788->a23-47-146-16.deploy.static.akamaitechnologies.com:https (ESTABLISHED)
tuic-serv 11653 root 1044u     IPv4             439911      0t0    TCP jp-n01.internal.cloudapp.net:32800->a23-32-13-159.deploy.static.akamaitechnologies.com:https (ESTABLISHED)
tuic-serv 11653 root 1045u     IPv4             451653      0t0    TCP jp-n01.internal.cloudapp.net:35326->a23-32-13-159.deploy.static.akamaitechnologies.com:https (ESTABLISHED)
tuic-serv 11653 root 1046u     IPv4             450223      0t0    TCP jp-n01.internal.cloudapp.net:33820->a23-32-13-159.deploy.static.akamaitechnologies.com:https (ESTABLISHED)
tuic-serv 11653 root 1047u     IPv4             447286      0t0    TCP jp-n01.internal.cloudapp.net:46136->a23-32-13-159.deploy.static.akamaitechnologies.com:https (ESTABLISHED)
tuic-serv 11653 root 1048u     IPv4             449696      0t0    TCP jp-n01.internal.cloudapp.net:60360->a23-32-13-159.deploy.static.akamaitechnologies.com:https (ESTABLISHED)
tuic-serv 11653 root 1049u     IPv4             446630      0t0    TCP jp-n01.internal.cloudapp.net:44652->a23-32-13-159.deploy.static.akamaitechnologies.com:https (ESTABLISHED)
tuic-serv 11653 root 1050u     IPv4             445565      0t0    TCP jp-n01.internal.cloudapp.net:52550->a23-32-13-159.deploy.static.akamaitechnologies.com:https (ESTABLISHED)
tuic-serv 11653 root 1051u     IPv4             450265      0t0    TCP jp-n01.internal.cloudapp.net:55166->a23-32-13-159.deploy.static.akamaitechnologies.com:https (ESTABLISHED)
tuic-serv 11653 root 1052u     IPv4             446787      0t0    TCP jp-n01.internal.cloudapp.net:48360->a23-32-13-159.deploy.static.akamaitechnologies.com:https (ESTABLISHED)
tuic-serv 11653 root 1053u     IPv4             451382      0t0    TCP jp-n01.internal.cloudapp.net:42376->a23-32-13-159.deploy.static.akamaitechnologies.com:https (ESTABLISHED)
tuic-serv 11653 root 1054u     IPv4             450486      0t0    TCP jp-n01.internal.cloudapp.net:42344->a23-32-13-159.deploy.static.akamaitechnologies.com:https (ESTABLISHED)
tuic-serv 11653 root 1055u     IPv4             451777      0t0    TCP jp-n01.internal.cloudapp.net:50570->a23-32-13-159.deploy.static.akamaitechnologies.com:https (ESTABLISHED)
tuic-serv 11653 root 1056u     IPv4             450754      0t0    TCP jp-n01.internal.cloudapp.net:35096->a23-32-13-159.deploy.static.akamaitechnologies.com:https (ESTABLISHED)
tuic-serv 11653 root 1057u     IPv4             453748      0t0    TCP jp-n01.internal.cloudapp.net:41750->a23-32-13-159.deploy.static.akamaitechnologies.com:https (ESTABLISHED)
tuic-serv 11653 root 1058u     IPv4             444817      0t0    TCP jp-n01.internal.cloudapp.net:52236->a23-32-13-159.deploy.static.akamaitechnologies.com:https (ESTABLISHED)
tuic-serv 11653 root 1059u     IPv4             444838      0t0    TCP jp-n01.internal.cloudapp.net:46076->a23-32-13-159.deploy.static.akamaitechnologies.com:https (ESTABLISHED)
tuic-serv 11653 root 1060u     IPv4             465830      0t0    TCP jp-n01.internal.cloudapp.net:59826->a23-32-13-159.deploy.static.akamaitechnologies.com:https (ESTABLISHED)
tuic-serv 11653 root 1061u     IPv4             446833      0t0    TCP jp-n01.internal.cloudapp.net:46752->a23-32-13-159.deploy.static.akamaitechnologies.com:https (ESTABLISHED)
tuic-serv 11653 root 1062u     IPv4             455570      0t0    TCP jp-n01.internal.cloudapp.net:41766->a23-32-13-159.deploy.static.akamaitechnologies.com:https (ESTABLISHED)
tuic-serv 11653 root 1063u     IPv4             451437      0t0    TCP jp-n01.internal.cloudapp.net:53230->a23-32-13-159.deploy.static.akamaitechnologies.com:https (ESTABLISHED)
tuic-serv 11653 root 1064u     IPv4             452078      0t0    TCP jp-n01.internal.cloudapp.net:47692->a23-32-13-159.deploy.static.akamaitechnologies.com:https (ESTABLISHED)
tuic-serv 11653 root 1065u     IPv4             443474      0t0    TCP jp-n01.internal.cloudapp.net:40666->a23-32-13-159.deploy.static.akamaitechnologies.com:https (ESTABLISHED)
tuic-serv 11653 root 1066u     IPv4             451535      0t0    TCP jp-n01.internal.cloudapp.net:55942->a23-32-13-159.deploy.static.akamaitechnologies.com:https (ESTABLISHED)
tuic-serv 11653 root 1067u     IPv4             456489      0t0    TCP jp-n01.internal.cloudapp.net:36592->a23-47-146-16.deploy.static.akamaitechnologies.com:https (ESTABLISHED)
tuic-serv 11653 root 1068u     IPv4             458150      0t0    TCP jp-n01.internal.cloudapp.net:58250->a23-32-13-159.deploy.static.akamaitechnologies.com:https (ESTABLISHED)
tuic-serv 11653 root 1069u     IPv4             459927      0t0    TCP jp-n01.internal.cloudapp.net:59572->a23-32-13-159.deploy.static.akamaitechnologies.com:https (ESTABLISHED)
tuic-serv 11653 root 1070u     IPv4             452332      0t0    TCP jp-n01.internal.cloudapp.net:53218->a23-32-13-159.deploy.static.akamaitechnologies.com:https (ESTABLISHED)
tuic-serv 11653 root 1071u     IPv4             458040      0t0    TCP jp-n01.internal.cloudapp.net:45838->a23-32-13-159.deploy.static.akamaitechnologies.com:https (ESTABLISHED)
tuic-serv 11653 root 1072u     IPv4             455573      0t0    TCP jp-n01.internal.cloudapp.net:41778->a23-32-13-159.deploy.static.akamaitechnologies.com:https (ESTABLISHED)
tuic-serv 11653 root 1073u     IPv4             488283      0t0    TCP jp-n01.internal.cloudapp.net:47716->a104-71-141-50.deploy.static.akamaitechnologies.com:https (ESTABLISHED)
tuic-serv 11653 root 1074u     IPv4             452551      0t0    TCP jp-n01.internal.cloudapp.net:53844->a23-32-13-159.deploy.static.akamaitechnologies.com:https (ESTABLISHED)
tuic-serv 11653 root 1075u     IPv4             453440      0t0    TCP jp-n01.internal.cloudapp.net:46858->a23-32-13-159.deploy.static.akamaitechnologies.com:https (ESTABLISHED)
tuic-serv 11653 root 1076u     IPv4             453463      0t0    TCP jp-n01.internal.cloudapp.net:47030->a23-32-13-159.deploy.static.akamaitechnologies.com:https (ESTABLISHED)
tuic-serv 11653 root 1077u     IPv4             455187      0t0    TCP jp-n01.internal.cloudapp.net:44124->a23-32-13-159.deploy.static.akamaitechnologies.com:https (ESTABLISHED)
tuic-serv 11653 root 1078u     IPv4             466166      0t0    TCP jp-n01.internal.cloudapp.net:41732->a23-32-13-159.deploy.static.akamaitechnologies.com:https (ESTABLISHED)
tuic-serv 11653 root 1079u     IPv4             454338      0t0    TCP jp-n01.internal.cloudapp.net:42526->a23-32-13-159.deploy.static.akamaitechnologies.com:https (ESTABLISHED)
tuic-serv 11653 root 1080u     IPv4             454416      0t0    TCP jp-n01.internal.cloudapp.net:47830->a23-32-13-159.deploy.static.akamaitechnologies.com:https (ESTABLISHED)
tuic-serv 11653 root 1081u     IPv4             455228      0t0    TCP jp-n01.internal.cloudapp.net:34820->a23-32-13-159.deploy.static.akamaitechnologies.com:https (ESTABLISHED)
tuic-serv 11653 root 1082u     IPv4             445813      0t0    TCP jp-n01.internal.cloudapp.net:39908->a23-32-13-159.deploy.static.akamaitechnologies.com:https (ESTABLISHED)
tuic-serv 11653 root 1083u     IPv4             449393      0t0    TCP jp-n01.internal.cloudapp.net:45304->a23-32-13-159.deploy.static.akamaitechnologies.com:https (ESTABLISHED)
tuic-serv 11653 root 1084u     IPv4             456558      0t0    TCP jp-n01.internal.cloudapp.net:60370->a23-47-146-16.deploy.static.akamaitechnologies.com:https (ESTABLISHED)
tuic-serv 11653 root 1085u     IPv4             458207      0t0    TCP jp-n01.internal.cloudapp.net:45448->a23-32-13-159.deploy.static.akamaitechnologies.com:https (ESTABLISHED)
tuic-serv 11653 root 1086u     IPv4             521487      0t0    TCP jp-n01.internal.cloudapp.net:44610->a23-47-146-16.deploy.static.akamaitechnologies.com:https (ESTABLISHED)
tuic-serv 11653 root 1087u     IPv4             457007      0t0    TCP jp-n01.internal.cloudapp.net:34584->a23-47-146-16.deploy.static.akamaitechnologies.com:https (ESTABLISHED)
tuic-serv 11653 root 1088u     IPv4             454107      0t0    TCP jp-n01.internal.cloudapp.net:55132->a23-32-13-159.deploy.static.akamaitechnologies.com:https (ESTABLISHED)
tuic-serv 11653 root 1089u     IPv4             457277      0t0    TCP jp-n01.internal.cloudapp.net:57122->a23-47-146-16.deploy.static.akamaitechnologies.com:https (ESTABLISHED)
tuic-serv 11653 root 1090u     IPv4             454828      0t0    TCP jp-n01.internal.cloudapp.net:54614->a23-32-13-159.deploy.static.akamaitechnologies.com:https (ESTABLISHED)
tuic-serv 11653 root 1091u     IPv4             457331      0t0    TCP jp-n01.internal.cloudapp.net:36524->a23-47-146-16.deploy.static.akamaitechnologies.com:https (ESTABLISHED)
tuic-serv 11653 root 1092u     IPv4             458413      0t0    TCP jp-n01.internal.cloudapp.net:60476->a23-32-13-159.deploy.static.akamaitechnologies.com:https (ESTABLISHED)
tuic-serv 11653 root 1093u     IPv4             457365      0t0    TCP jp-n01.internal.cloudapp.net:55296->a23-47-146-16.deploy.static.akamaitechnologies.com:https (ESTABLISHED)
tuic-serv 11653 root 1094u     IPv4             477043      0t0    TCP jp-n01.internal.cloudapp.net:56438->a23-32-13-159.deploy.static.akamaitechnologies.com:https (ESTABLISHED)
tuic-serv 11653 root 1095u     IPv4             457154      0t0    TCP jp-n01.internal.cloudapp.net:37030->a23-47-146-16.deploy.static.akamaitechnologies.com:https (ESTABLISHED)
tuic-serv 11653 root 1096u     IPv4             449257      0t0    TCP jp-n01.internal.cloudapp.net:35436->a23-32-13-159.deploy.static.akamaitechnologies.com:https (ESTABLISHED)
tuic-serv 11653 root 1097u     IPv4             489205      0t0    TCP jp-n01.internal.cloudapp.net:38350->a104-71-141-50.deploy.static.akamaitechnologies.com:https (ESTABLISHED)
tuic-serv 11653 root 1098u     IPv4             449634      0t0    TCP jp-n01.internal.cloudapp.net:45322->a23-32-13-159.deploy.static.akamaitechnologies.com:https (ESTABLISHED)
tuic-serv 11653 root 1099u     IPv4             458051      0t0    TCP jp-n01.internal.cloudapp.net:58942->a23-32-13-159.deploy.static.akamaitechnologies.com:https (ESTABLISHED)
tuic-serv 11653 root 1100u     IPv4             466190      0t0    TCP jp-n01.internal.cloudapp.net:35568->a23-32-13-159.deploy.static.akamaitechnologies.com:https (ESTABLISHED)
tuic-serv 11653 root 1101u     IPv4             458072      0t0    TCP jp-n01.internal.cloudapp.net:35994->a23-32-13-159.deploy.static.akamaitechnologies.com:https (ESTABLISHED)
tuic-serv 11653 root 1102u     IPv4             472151      0t0    TCP jp-n01.internal.cloudapp.net:58420->a23-32-13-159.deploy.static.akamaitechnologies.com:https (ESTABLISHED)
tuic-serv 11653 root 1103u     IPv4             472868      0t0    TCP jp-n01.internal.cloudapp.net:42398->a23-32-13-159.deploy.static.akamaitechnologies.com:https (ESTABLISHED)
tuic-serv 11653 root 1104u     IPv4             466215      0t0    TCP jp-n01.internal.cloudapp.net:56892->a23-32-13-159.deploy.static.akamaitechnologies.com:https (ESTABLISHED)
tuic-serv 11653 root 1105u     IPv4             479926      0t0    TCP jp-n01.internal.cloudapp.net:48884->a23-32-13-159.deploy.static.akamaitechnologies.com:https (ESTABLISHED)
tuic-serv 11653 root 1106u     IPv4             460191      0t0    TCP jp-n01.internal.cloudapp.net:43856->a23-32-13-159.deploy.static.akamaitechnologies.com:https (ESTABLISHED)
tuic-serv 11653 root 1107u     IPv4             478153      0t0    TCP jp-n01.internal.cloudapp.net:39820->a23-32-13-159.deploy.static.akamaitechnologies.com:https (ESTABLISHED)
tuic-serv 11653 root 1108u     IPv4             471995      0t0    TCP jp-n01.internal.cloudapp.net:50566->a23-32-13-159.deploy.static.akamaitechnologies.com:https (ESTABLISHED)
tuic-serv 11653 root 1109u     IPv4             478824      0t0    TCP jp-n01.internal.cloudapp.net:46514->a23-32-13-159.deploy.static.akamaitechnologies.com:https (ESTABLISHED)
tuic-serv 11653 root 1110u     IPv4             467091      0t0    TCP jp-n01.internal.cloudapp.net:37538->a23-32-13-159.deploy.static.akamaitechnologies.com:https (ESTABLISHED)
tuic-serv 11653 root 1111u     IPv4             464745      0t0    TCP jp-n01.internal.cloudapp.net:59172->a23-32-13-159.deploy.static.akamaitechnologies.com:https (ESTABLISHED)
tuic-serv 11653 root 1112u     IPv4             473083      0t0    TCP jp-n01.internal.cloudapp.net:37718->a23-32-13-159.deploy.static.akamaitechnologies.com:https (ESTABLISHED)
tuic-serv 11653 root 1113u     IPv4             534244      0t0    TCP jp-n01.internal.cloudapp.net:34074->a23-32-13-159.deploy.static.akamaitechnologies.com:https (ESTABLISHED)
tuic-serv 11653 root 1114u     IPv4             464798      0t0    TCP jp-n01.internal.cloudapp.net:44640->a23-32-13-159.deploy.static.akamaitechnologies.com:https (ESTABLISHED)
tuic-serv 11653 root 1115u     IPv4             484077      0t0    TCP jp-n01.internal.cloudapp.net:43854->a104-71-141-50.deploy.static.akamaitechnologies.com:https (ESTABLISHED)
tuic-serv 11653 root 1116u     IPv4             466247      0t0    TCP jp-n01.internal.cloudapp.net:50554->a23-32-13-159.deploy.static.akamaitechnologies.com:https (ESTABLISHED)
tuic-serv 11653 root 1117u     IPv4             463281      0t0    TCP jp-n01.internal.cloudapp.net:42412->a23-32-13-159.deploy.static.akamaitechnologies.com:https (ESTABLISHED)
tuic-serv 11653 root 1118u     IPv4             530483      0t0    TCP jp-n01.internal.cloudapp.net:54662->a104-71-141-50.deploy.static.akamaitechnologies.com:https (ESTABLISHED)
tuic-serv 11653 root 1119u     IPv4             459810      0t0    TCP jp-n01.internal.cloudapp.net:56326->a23-32-13-159.deploy.static.akamaitechnologies.com:https (ESTABLISHED)
tuic-serv 11653 root 1120u     IPv4             459769      0t0    TCP jp-n01.internal.cloudapp.net:48152->a23-32-13-159.deploy.static.akamaitechnologies.com:https (ESTABLISHED)
tuic-serv 11653 root 1121u     IPv4             466278      0t0    TCP jp-n01.internal.cloudapp.net:57272->a23-32-13-159.deploy.static.akamaitechnologies.com:https (ESTABLISHED)
tuic-serv 11653 root 1122u     IPv4             510445      0t0    TCP jp-n01.internal.cloudapp.net:37400->a104-71-141-50.deploy.static.akamaitechnologies.com:https (ESTABLISHED)
tuic-serv 11653 root 1123u     IPv4             496224      0t0    TCP jp-n01.internal.cloudapp.net:41778->a104-71-141-50.deploy.static.akamaitechnologies.com:https (ESTABLISHED)
tuic-serv 11653 root 1124u     IPv4             528825      0t0    TCP jp-n01.internal.cloudapp.net:49674->a23-32-13-159.deploy.static.akamaitechnologies.com:https (ESTABLISHED)
tuic-serv 11653 root 1125u     IPv4             466338      0t0    TCP jp-n01.internal.cloudapp.net:42042->a23-32-13-159.deploy.static.akamaitechnologies.com:https (ESTABLISHED)
tuic-serv 11653 root 1126u     IPv4             495458      0t0    TCP jp-n01.internal.cloudapp.net:36346->a104-71-141-50.deploy.static.akamaitechnologies.com:https (ESTABLISHED)
tuic-serv 11653 root 1127u     IPv4             482097      0t0    TCP jp-n01.internal.cloudapp.net:51782->a23-32-13-159.deploy.static.akamaitechnologies.com:https (ESTABLISHED)
tuic-serv 11653 root 1128u     IPv4             465422      0t0    TCP jp-n01.internal.cloudapp.net:46280->a23-32-13-159.deploy.static.akamaitechnologies.com:https (ESTABLISHED)
tuic-serv 11653 root 1129u     IPv4             465437      0t0    TCP jp-n01.internal.cloudapp.net:54728->a23-32-13-159.deploy.static.akamaitechnologies.com:https (ESTABLISHED)
tuic-serv 11653 root 1130u     IPv4             477285      0t0    TCP jp-n01.internal.cloudapp.net:42480->a23-32-13-159.deploy.static.akamaitechnologies.com:https (ESTABLISHED)
tuic-serv 11653 root 1131u     IPv4             475527      0t0    TCP jp-n01.internal.cloudapp.net:51978->a23-32-13-159.deploy.static.akamaitechnologies.com:https (ESTABLISHED)
tuic-serv 11653 root 1132u     IPv4             464472      0t0    TCP jp-n01.internal.cloudapp.net:59520->a23-32-13-159.deploy.static.akamaitechnologies.com:https (ESTABLISHED)
tuic-serv 11653 root 1133u     IPv4             465464      0t0    TCP jp-n01.internal.cloudapp.net:37918->a23-32-13-159.deploy.static.akamaitechnologies.com:https (ESTABLISHED)
tuic-serv 11653 root 1134u     IPv4             471542      0t0    TCP jp-n01.internal.cloudapp.net:34778->a23-32-13-159.deploy.static.akamaitechnologies.com:https (ESTABLISHED)
tuic-serv 11653 root 1135u     IPv4             463384      0t0    TCP jp-n01.internal.cloudapp.net:54246->a23-32-13-159.deploy.static.akamaitechnologies.com:https (ESTABLISHED)
tuic-serv 11653 root 1136u     IPv4             466989      0t0    TCP jp-n01.internal.cloudapp.net:54470->a23-32-13-159.deploy.static.akamaitechnologies.com:https (ESTABLISHED)
tuic-serv 11653 root 1137u     IPv4             473535      0t0    TCP jp-n01.internal.cloudapp.net:50790->a23-32-13-159.deploy.static.akamaitechnologies.com:https (ESTABLISHED)
tuic-serv 11653 root 1138u     IPv4             488731      0t0    TCP jp-n01.internal.cloudapp.net:44834->a104-71-141-50.deploy.static.akamaitechnologies.com:https (ESTABLISHED)
tuic-serv 11653 root 1139u     IPv4             480738      0t0    TCP jp-n01.internal.cloudapp.net:44950->a23-32-13-159.deploy.static.akamaitechnologies.com:https (ESTABLISHED)
tuic-serv 11653 root 1140u     IPv4             466512      0t0    TCP jp-n01.internal.cloudapp.net:52572->a23-32-13-159.deploy.static.akamaitechnologies.com:https (ESTABLISHED)
tuic-serv 11653 root 1141u     IPv4             529786      0t0    TCP jp-n01.internal.cloudapp.net:48276->a23-32-13-159.deploy.static.akamaitechnologies.com:https (ESTABLISHED)
tuic-serv 11653 root 1142u     IPv4             473674      0t0    TCP jp-n01.internal.cloudapp.net:45840->a23-32-13-159.deploy.static.akamaitechnologies.com:https (ESTABLISHED)
tuic-serv 11653 root 1143u     IPv4             467183      0t0    TCP jp-n01.internal.cloudapp.net:60590->a23-32-13-159.deploy.static.akamaitechnologies.com:https (ESTABLISHED)
tuic-serv 11653 root 1144u     IPv4             529835      0t0    TCP jp-n01.internal.cloudapp.net:48294->a23-32-13-159.deploy.static.akamaitechnologies.com:https (ESTABLISHED)
tuic-serv 11653 root 1145u     IPv4             533165      0t0    TCP jp-n01.internal.cloudapp.net:36832->a23-32-13-159.deploy.static.akamaitechnologies.com:https (ESTABLISHED)
tuic-serv 11653 root 1146u     IPv4             467262      0t0    TCP jp-n01.internal.cloudapp.net:52016->a23-32-13-159.deploy.static.akamaitechnologies.com:https (ESTABLISHED)
tuic-serv 11653 root 1147u     IPv4             473044      0t0    TCP jp-n01.internal.cloudapp.net:44984->a23-32-13-159.deploy.static.akamaitechnologies.com:https (ESTABLISHED)
tuic-serv 11653 root 1148u     IPv4             476464      0t0    TCP jp-n01.internal.cloudapp.net:41378->a23-32-13-159.deploy.static.akamaitechnologies.com:https (ESTABLISHED)
tuic-serv 11653 root 1149u     IPv4             467381      0t0    TCP jp-n01.internal.cloudapp.net:32934->a23-32-13-159.deploy.static.akamaitechnologies.com:https (ESTABLISHED)
tuic-serv 11653 root 1150u     IPv4             471624      0t0    TCP jp-n01.internal.cloudapp.net:54630->a23-32-13-159.deploy.static.akamaitechnologies.com:https (ESTABLISHED)
tuic-serv 11653 root 1151u     IPv4             469442      0t0    TCP jp-n01.internal.cloudapp.net:59118->a23-32-13-159.deploy.static.akamaitechnologies.com:https (ESTABLISHED)
tuic-serv 11653 root 1152u     IPv4             482110      0t0    TCP jp-n01.internal.cloudapp.net:38584->a23-32-13-159.deploy.static.akamaitechnologies.com:https (ESTABLISHED)
tuic-serv 11653 root 1153u     IPv4             485559      0t0    TCP jp-n01.internal.cloudapp.net:49238->a104-71-141-50.deploy.static.akamaitechnologies.com:https (ESTABLISHED)
tuic-serv 11653 root 1154u     IPv4             472363      0t0    TCP jp-n01.internal.cloudapp.net:58198->a23-32-13-159.deploy.static.akamaitechnologies.com:https (ESTABLISHED)
tuic-serv 11653 root 1155u     IPv4             471668      0t0    TCP jp-n01.internal.cloudapp.net:50366->a23-32-13-159.deploy.static.akamaitechnologies.com:https (ESTABLISHED)
tuic-serv 11653 root 1156u     IPv4             476044      0t0    TCP jp-n01.internal.cloudapp.net:56980->a23-32-13-159.deploy.static.akamaitechnologies.com:https (ESTABLISHED)
tuic-serv 11653 root 1157u     IPv4             470011      0t0    TCP jp-n01.internal.cloudapp.net:60212->a23-32-13-159.deploy.static.akamaitechnologies.com:https (ESTABLISHED)
tuic-serv 11653 root 1158u     IPv4             463550      0t0    TCP jp-n01.internal.cloudapp.net:56392->a23-32-13-159.deploy.static.akamaitechnologies.com:https (ESTABLISHED)
tuic-serv 11653 root 1159u     IPv4             472430      0t0    TCP jp-n01.internal.cloudapp.net:32860->a23-32-13-159.deploy.static.akamaitechnologies.com:https (ESTABLISHED)
tuic-serv 11653 root 1160u     IPv4             489058      0t0    TCP jp-n01.internal.cloudapp.net:35300->a104-71-141-50.deploy.static.akamaitechnologies.com:https (ESTABLISHED)
tuic-serv 11653 root 1161u     IPv4             485632      0t0    TCP jp-n01.internal.cloudapp.net:49766->a104-71-141-50.deploy.static.akamaitechnologies.com:https (ESTABLISHED)
tuic-serv 11653 root 1162u     IPv4             485868      0t0    TCP jp-n01.internal.cloudapp.net:41800->a104-71-141-50.deploy.static.akamaitechnologies.com:https (ESTABLISHED)
tuic-serv 11653 root 1163u     IPv4             463576      0t0    TCP jp-n01.internal.cloudapp.net:38746->199.46.35.121:https (FIN_WAIT2)
tuic-serv 11653 root 1164u     IPv4             475681      0t0    TCP jp-n01.internal.cloudapp.net:51898->a23-32-13-159.deploy.static.akamaitechnologies.com:https (ESTABLISHED)
tuic-serv 11653 root 1165u     IPv4             485407      0t0    TCP jp-n01.internal.cloudapp.net:43278->a104-71-141-50.deploy.static.akamaitechnologies.com:https (ESTABLISHED)
tuic-serv 11653 root 1166u     IPv4             514467      0t0    TCP jp-n01.internal.cloudapp.net:53502->a104-71-141-50.deploy.static.akamaitechnologies.com:https (ESTABLISHED)
tuic-serv 11653 root 1167u     IPv4             473818      0t0    TCP jp-n01.internal.cloudapp.net:48816->a23-32-13-159.deploy.static.akamaitechnologies.com:https (ESTABLISHED)
tuic-serv 11653 root 1168u     IPv4             485477      0t0    TCP jp-n01.internal.cloudapp.net:45708->a104-71-141-50.deploy.static.akamaitechnologies.com:https (ESTABLISHED)
tuic-serv 11653 root 1169u     IPv4             487319      0t0    TCP jp-n01.internal.cloudapp.net:58632->a104-71-141-50.deploy.static.akamaitechnologies.com:https (ESTABLISHED)
tuic-serv 11653 root 1170u     IPv4             473868      0t0    TCP jp-n01.internal.cloudapp.net:46458->a23-32-13-159.deploy.static.akamaitechnologies.com:https (ESTABLISHED)
tuic-serv 11653 root 1171u     IPv4             484731      0t0    TCP jp-n01.internal.cloudapp.net:37558->a104-71-141-50.deploy.static.akamaitechnologies.com:https (ESTABLISHED)
tuic-serv 11653 root 1172u     IPv4             472642      0t0    TCP jp-n01.internal.cloudapp.net:33826->a23-32-13-159.deploy.static.akamaitechnologies.com:https (ESTABLISHED)
tuic-serv 11653 root 1173u     IPv4             472720      0t0    TCP jp-n01.internal.cloudapp.net:35562->a23-32-13-159.deploy.static.akamaitechnologies.com:https (ESTABLISHED)
tuic-serv 11653 root 1174u     IPv4             472822      0t0    TCP jp-n01.internal.cloudapp.net:37884->a23-32-13-159.deploy.static.akamaitechnologies.com:https (ESTABLISHED)
tuic-serv 11653 root 1175u     IPv4             474094      0t0    TCP jp-n01.internal.cloudapp.net:40850->a23-32-13-159.deploy.static.akamaitechnologies.com:https (ESTABLISHED)
tuic-serv 11653 root 1176u     IPv4             475819      0t0    TCP jp-n01.internal.cloudapp.net:40848->a23-32-13-159.deploy.static.akamaitechnologies.com:https (ESTABLISHED)
tuic-serv 11653 root 1177u     IPv4             474321      0t0    TCP jp-n01.internal.cloudapp.net:50096->a23-32-13-159.deploy.static.akamaitechnologies.com:https (ESTABLISHED)
tuic-serv 11653 root 1178u     IPv4             463690      0t0    TCP jp-n01.internal.cloudapp.net:47548->a23-32-13-159.deploy.static.akamaitechnologies.com:https (ESTABLISHED)
tuic-serv 11653 root 1179u     IPv4             473262      0t0    TCP jp-n01.internal.cloudapp.net:37132->a23-32-13-159.deploy.static.akamaitechnologies.com:https (ESTABLISHED)
tuic-serv 11653 root 1180u     IPv4             477413      0t0    TCP jp-n01.internal.cloudapp.net:57330->a23-32-13-159.deploy.static.akamaitechnologies.com:https (ESTABLISHED)
tuic-serv 11653 root 1181u     IPv4             474272      0t0    TCP jp-n01.internal.cloudapp.net:33126->a23-32-13-159.deploy.static.akamaitechnologies.com:https (ESTABLISHED)
tuic-serv 11653 root 1182u     IPv4             463834      0t0    TCP jp-n01.internal.cloudapp.net:53524->a23-32-13-159.deploy.static.akamaitechnologies.com:https (ESTABLISHED)
tuic-serv 11653 root 1183u     IPv4             495186      0t0    TCP jp-n01.internal.cloudapp.net:52796->a104-71-141-50.deploy.static.akamaitechnologies.com:https (ESTABLISHED)
tuic-serv 11653 root 1184u     IPv4             489254      0t0    TCP jp-n01.internal.cloudapp.net:41294->a104-71-141-50.deploy.static.akamaitechnologies.com:https (ESTABLISHED)
tuic-serv 11653 root 1185u     IPv4             499001      0t0    TCP jp-n01.internal.cloudapp.net:42662->a104-71-141-50.deploy.static.akamaitechnologies.com:https (ESTABLISHED)
tuic-serv 11653 root 1186u     IPv4             474533      0t0    TCP jp-n01.internal.cloudapp.net:54946->a23-32-13-159.deploy.static.akamaitechnologies.com:https (ESTABLISHED)
tuic-serv 11653 root 1187u     IPv4             474742      0t0    TCP jp-n01.internal.cloudapp.net:39304->a23-32-13-159.deploy.static.akamaitechnologies.com:https (ESTABLISHED)
tuic-serv 11653 root 1188u     IPv4             474901      0t0    TCP jp-n01.internal.cloudapp.net:57904->a23-32-13-159.deploy.static.akamaitechnologies.com:https (ESTABLISHED)
tuic-serv 11653 root 1189u     IPv4             474933      0t0    TCP jp-n01.internal.cloudapp.net:57906->a23-32-13-159.deploy.static.akamaitechnologies.com:https (ESTABLISHED)
tuic-serv 11653 root 1190u     IPv4             474936      0t0    TCP jp-n01.internal.cloudapp.net:57916->a23-32-13-159.deploy.static.akamaitechnologies.com:https (ESTABLISHED)
tuic-serv 11653 root 1191u     IPv4             476381      0t0    TCP jp-n01.internal.cloudapp.net:49560->a23-32-13-159.deploy.static.akamaitechnologies.com:https (ESTABLISHED)
tuic-serv 11653 root 1192u     IPv4             475007      0t0    TCP jp-n01.internal.cloudapp.net:36454->a23-32-13-159.deploy.static.akamaitechnologies.com:https (ESTABLISHED)
tuic-serv 11653 root 1193u     IPv4             476660      0t0    TCP jp-n01.internal.cloudapp.net:56862->a23-32-13-159.deploy.static.akamaitechnologies.com:https (ESTABLISHED)
tuic-serv 11653 root 1194u     IPv4             487985      0t0    TCP jp-n01.internal.cloudapp.net:53328->a104-71-141-50.deploy.static.akamaitechnologies.com:https (ESTABLISHED)
tuic-serv 11653 root 1195u     IPv4             477554      0t0    TCP jp-n01.internal.cloudapp.net:44472->a23-32-13-159.deploy.static.akamaitechnologies.com:https (ESTABLISHED)
tuic-serv 11653 root 1196u     IPv4             477557      0t0    TCP jp-n01.internal.cloudapp.net:44482->a23-32-13-159.deploy.static.akamaitechnologies.com:https (ESTABLISHED)
tuic-serv 11653 root 1197u     IPv4             485482      0t0    TCP jp-n01.internal.cloudapp.net:45716->a104-71-141-50.deploy.static.akamaitechnologies.com:https (ESTABLISHED)
tuic-serv 11653 root 1198u     IPv4             482252      0t0    TCP jp-n01.internal.cloudapp.net:43208->a23-32-13-159.deploy.static.akamaitechnologies.com:https (ESTABLISHED)
tuic-serv 11653 root 1199u     IPv4             521803      0t0    TCP jp-n01.internal.cloudapp.net:59610->a23-47-146-16.deploy.static.akamaitechnologies.com:https (ESTABLISHED)
tuic-serv 11653 root 1200u     IPv4             478202      0t0    TCP jp-n01.internal.cloudapp.net:48636->a23-32-13-159.deploy.static.akamaitechnologies.com:https (ESTABLISHED)
tuic-serv 11653 root 1201u     IPv4             477716      0t0    TCP jp-n01.internal.cloudapp.net:58914->a23-32-13-159.deploy.static.akamaitechnologies.com:https (ESTABLISHED)
tuic-serv 11653 root 1202u     IPv4             491574      0t0    TCP jp-n01.internal.cloudapp.net:45308->a104-71-141-50.deploy.static.akamaitechnologies.com:https (ESTABLISHED)
tuic-serv 11653 root 1203u     IPv4             477792      0t0    TCP jp-n01.internal.cloudapp.net:34052->a23-32-13-159.deploy.static.akamaitechnologies.com:https (ESTABLISHED)
tuic-serv 11653 root 1204u     IPv4             522546      0t0    TCP jp-n01.internal.cloudapp.net:35880->a104-71-141-50.deploy.static.akamaitechnologies.com:https (ESTABLISHED)
tuic-serv 11653 root 1205u     IPv4             479152      0t0    TCP jp-n01.internal.cloudapp.net:50788->a23-32-13-159.deploy.static.akamaitechnologies.com:https (ESTABLISHED)
tuic-serv 11653 root 1206u     IPv4             484964      0t0    TCP jp-n01.internal.cloudapp.net:45874->a104-71-141-50.deploy.static.akamaitechnologies.com:https (ESTABLISHED)
tuic-serv 11653 root 1207u     IPv4             481202      0t0    TCP jp-n01.internal.cloudapp.net:55504->a23-32-13-159.deploy.static.akamaitechnologies.com:https (ESTABLISHED)
tuic-serv 11653 root 1208u     IPv4             481394      0t0    TCP jp-n01.internal.cloudapp.net:55670->a23-32-13-159.deploy.static.akamaitechnologies.com:https (ESTABLISHED)
tuic-serv 11653 root 1209u     IPv4             481871      0t0    TCP jp-n01.internal.cloudapp.net:33412->a23-32-13-159.deploy.static.akamaitechnologies.com:https (ESTABLISHED)
tuic-serv 11653 root 1210u     IPv4             483307      0t0    TCP jp-n01.internal.cloudapp.net:51766->a23-32-13-159.deploy.static.akamaitechnologies.com:https (ESTABLISHED)
tuic-serv 11653 root 1211u     IPv4             483986      0t0    TCP jp-n01.internal.cloudapp.net:56532->a104-71-141-50.deploy.static.akamaitechnologies.com:https (ESTABLISHED)
tuic-serv 11653 root 1212u     IPv4             495506      0t0    TCP jp-n01.internal.cloudapp.net:35006->a104-71-141-50.deploy.static.akamaitechnologies.com:https (ESTABLISHED)
tuic-serv 11653 root 1213u     IPv4             484910      0t0    TCP jp-n01.internal.cloudapp.net:39824->a104-71-141-50.deploy.static.akamaitechnologies.com:https (ESTABLISHED)
tuic-serv 11653 root 1214u     IPv4             482450      0t0    TCP jp-n01.internal.cloudapp.net:37996->a23-32-13-159.deploy.static.akamaitechnologies.com:https (ESTABLISHED)
tuic-serv 11653 root 1215u     IPv4             482650      0t0    TCP jp-n01.internal.cloudapp.net:54034->a23-32-13-159.deploy.static.akamaitechnologies.com:https (ESTABLISHED)
tuic-serv 11653 root 1216u     IPv4             482654      0t0    TCP jp-n01.internal.cloudapp.net:54050->a23-32-13-159.deploy.static.akamaitechnologies.com:https (ESTABLISHED)
tuic-serv 11653 root 1217u     IPv4             484152      0t0    TCP jp-n01.internal.cloudapp.net:56630->a104-71-141-50.deploy.static.akamaitechnologies.com:https (ESTABLISHED)
tuic-serv 11653 root 1218u     IPv4             486135      0t0    TCP jp-n01.internal.cloudapp.net:35168->a104-71-141-50.deploy.static.akamaitechnologies.com:https (ESTABLISHED)
tuic-serv 11653 root 1219u     IPv4             483621      0t0    TCP jp-n01.internal.cloudapp.net:59458->a104-71-141-50.deploy.static.akamaitechnologies.com:https (ESTABLISHED)
tuic-serv 11653 root 1220u     IPv4             511410      0t0    TCP jp-n01.internal.cloudapp.net:57316->a104-71-141-50.deploy.static.akamaitechnologies.com:https (ESTABLISHED)
tuic-serv 11653 root 1221u     IPv4             489974      0t0    TCP jp-n01.internal.cloudapp.net:48342->a104-71-141-50.deploy.static.akamaitechnologies.com:https (ESTABLISHED)
tuic-serv 11653 root 1222u     IPv4             495908      0t0    TCP jp-n01.internal.cloudapp.net:46372->a104-71-141-50.deploy.static.akamaitechnologies.com:https (ESTABLISHED)
tuic-serv 11653 root 1223u     IPv4             486368      0t0    TCP jp-n01.internal.cloudapp.net:39806->a104-71-141-50.deploy.static.akamaitechnologies.com:https (ESTABLISHED)
tuic-serv 11653 root 1224u     IPv4             486383      0t0    TCP jp-n01.internal.cloudapp.net:60148->a104-71-141-50.deploy.static.akamaitechnologies.com:https (ESTABLISHED)
tuic-serv 11653 root 1225u     IPv4             485651      0t0    TCP jp-n01.internal.cloudapp.net:47566->a104-71-141-50.deploy.static.akamaitechnologies.com:https (ESTABLISHED)
tuic-serv 11653 root 1226u     IPv4             486544      0t0    TCP jp-n01.internal.cloudapp.net:51714->a104-71-141-50.deploy.static.akamaitechnologies.com:https (ESTABLISHED)
tuic-serv 11653 root 1227u     IPv4             486557      0t0    TCP jp-n01.internal.cloudapp.net:39230->a104-71-141-50.deploy.static.akamaitechnologies.com:https (ESTABLISHED)
tuic-serv 11653 root 1228u     IPv4             485201      0t0    TCP jp-n01.internal.cloudapp.net:47734->a104-71-141-50.deploy.static.akamaitechnologies.com:https (ESTABLISHED)
tuic-serv 11653 root 1229u     IPv4             489269      0t0    TCP jp-n01.internal.cloudapp.net:57456->a104-71-141-50.deploy.static.akamaitechnologies.com:https (ESTABLISHED)
tuic-serv 11653 root 1230u     IPv4             497316      0t0    TCP jp-n01.internal.cloudapp.net:52726->a104-71-141-50.deploy.static.akamaitechnologies.com:https (ESTABLISHED)
tuic-serv 11653 root 1231u     IPv4             485765      0t0    TCP jp-n01.internal.cloudapp.net:38086->a104-71-141-50.deploy.static.akamaitechnologies.com:https (ESTABLISHED)
tuic-serv 11653 root 1232u     IPv4             497319      0t0    TCP jp-n01.internal.cloudapp.net:52742->a104-71-141-50.deploy.static.akamaitechnologies.com:https (ESTABLISHED)
tuic-serv 11653 root 1233u     IPv4             486865      0t0    TCP jp-n01.internal.cloudapp.net:60126->a104-71-141-50.deploy.static.akamaitechnologies.com:https (ESTABLISHED)
tuic-serv 11653 root 1234u     IPv4             489087      0t0    TCP jp-n01.internal.cloudapp.net:58392->a104-71-141-50.deploy.static.akamaitechnologies.com:https (ESTABLISHED)
tuic-serv 11653 root 1235u     IPv4             506273      0t0    TCP jp-n01.internal.cloudapp.net:35634->a104-71-141-50.deploy.static.akamaitechnologies.com:https (ESTABLISHED)
tuic-serv 11653 root 1236u     IPv4             494838      0t0    TCP jp-n01.internal.cloudapp.net:44722->a104-71-141-50.deploy.static.akamaitechnologies.com:https (ESTABLISHED)
tuic-serv 11653 root 1237u     IPv4             487152      0t0    TCP jp-n01.internal.cloudapp.net:45490->a104-71-141-50.deploy.static.akamaitechnologies.com:https (ESTABLISHED)
tuic-serv 11653 root 1238u     IPv4             487389      0t0    TCP jp-n01.internal.cloudapp.net:38428->a104-71-141-50.deploy.static.akamaitechnologies.com:https (ESTABLISHED)
tuic-serv 11653 root 1239u     IPv4             495132      0t0    TCP jp-n01.internal.cloudapp.net:43992->a104-71-141-50.deploy.static.akamaitechnologies.com:https (ESTABLISHED)
tuic-serv 11653 root 1240u     IPv4             495304      0t0    TCP jp-n01.internal.cloudapp.net:50078->a104-71-141-50.deploy.static.akamaitechnologies.com:https (ESTABLISHED)
tuic-serv 11653 root 1241u     IPv4             515193      0t0    TCP jp-n01.internal.cloudapp.net:58058->a104-71-141-50.deploy.static.akamaitechnologies.com:https (ESTABLISHED)
tuic-serv 11653 root 1242u     IPv4             487857      0t0    TCP jp-n01.internal.cloudapp.net:56484->a104-71-141-50.deploy.static.akamaitechnologies.com:https (ESTABLISHED)
tuic-serv 11653 root 1243u     IPv4             487897      0t0    TCP jp-n01.internal.cloudapp.net:44264->a104-71-141-50.deploy.static.akamaitechnologies.com:https (ESTABLISHED)
tuic-serv 11653 root 1244u     IPv4             488981      0t0    TCP jp-n01.internal.cloudapp.net:35024->a104-71-141-50.deploy.static.akamaitechnologies.com:https (ESTABLISHED)
tuic-serv 11653 root 1245u     IPv4             489070      0t0    TCP jp-n01.internal.cloudapp.net:53694->a104-71-141-50.deploy.static.akamaitechnologies.com:https (ESTABLISHED)
tuic-serv 11653 root 1246u     IPv4             506828      0t0    TCP jp-n01.internal.cloudapp.net:58132->a104-71-141-50.deploy.static.akamaitechnologies.com:https (ESTABLISHED)
tuic-serv 11653 root 1247u     IPv4             503958      0t0    TCP jp-n01.internal.cloudapp.net:33676->a104-71-141-50.deploy.static.akamaitechnologies.com:https (ESTABLISHED)
tuic-serv 11653 root 1248u     IPv4             489516      0t0    TCP jp-n01.internal.cloudapp.net:55968->a104-71-141-50.deploy.static.akamaitechnologies.com:https (ESTABLISHED)
tuic-serv 11653 root 1249u     IPv4             499673      0t0    TCP jp-n01.internal.cloudapp.net:38722->a104-71-141-50.deploy.static.akamaitechnologies.com:https (ESTABLISHED)
tuic-serv 11653 root 1250u     IPv4             502970      0t0    TCP jp-n01.internal.cloudapp.net:54126->a104-71-141-50.deploy.static.akamaitechnologies.com:https (ESTABLISHED)
tuic-serv 11653 root 1251u     IPv4             488145      0t0    TCP jp-n01.internal.cloudapp.net:35946->a104-71-141-50.deploy.static.akamaitechnologies.com:https (ESTABLISHED)
tuic-serv 11653 root 1252u     IPv4             495330      0t0    TCP jp-n01.internal.cloudapp.net:57248->a104-71-141-50.deploy.static.akamaitechnologies.com:https (ESTABLISHED)
tuic-serv 11653 root 1253u     IPv4             489741      0t0    TCP jp-n01.internal.cloudapp.net:34170->a104-71-141-50.deploy.static.akamaitechnologies.com:https (ESTABLISHED)
tuic-serv 11653 root 1254u     IPv4             494219      0t0    TCP jp-n01.internal.cloudapp.net:56580->a104-71-141-50.deploy.static.akamaitechnologies.com:https (ESTABLISHED)
tuic-serv 11653 root 1255u     IPv4             495421      0t0    TCP jp-n01.internal.cloudapp.net:47976->a104-71-141-50.deploy.static.akamaitechnologies.com:https (ESTABLISHED)
tuic-serv 11653 root 1256u     IPv4             495709      0t0    TCP jp-n01.internal.cloudapp.net:59714->a104-71-141-50.deploy.static.akamaitechnologies.com:https (ESTABLISHED)
tuic-serv 11653 root 1257u     IPv4             495912      0t0    TCP jp-n01.internal.cloudapp.net:60274->a104-71-141-50.deploy.static.akamaitechnologies.com:https (ESTABLISHED)
tuic-serv 11653 root 1258u     IPv4             494557      0t0    TCP jp-n01.internal.cloudapp.net:34584->a104-71-141-50.deploy.static.akamaitechnologies.com:https (ESTABLISHED)
tuic-serv 11653 root 1259u     IPv4             508022      0t0    TCP jp-n01.internal.cloudapp.net:44288->a104-71-141-50.deploy.static.akamaitechnologies.com:https (ESTABLISHED)
tuic-serv 11653 root 1260u     IPv4             494863      0t0    TCP jp-n01.internal.cloudapp.net:50030->a104-71-141-50.deploy.static.akamaitechnologies.com:https (ESTABLISHED)
tuic-serv 11653 root 1261u     IPv4             498381      0t0    TCP jp-n01.internal.cloudapp.net:34926->a104-71-141-50.deploy.static.akamaitechnologies.com:https (ESTABLISHED)
tuic-serv 11653 root 1262u     IPv4             494901      0t0    TCP jp-n01.internal.cloudapp.net:46762->a104-71-141-50.deploy.static.akamaitechnologies.com:https (ESTABLISHED)
tuic-serv 11653 root 1263u     IPv4             498818      0t0    TCP jp-n01.internal.cloudapp.net:51392->a104-71-141-50.deploy.static.akamaitechnologies.com:https (ESTABLISHED)
tuic-serv 11653 root 1264u     IPv4             497395      0t0    TCP jp-n01.internal.cloudapp.net:36342->a104-71-141-50.deploy.static.akamaitechnologies.com:https (ESTABLISHED)
tuic-serv 11653 root 1265u     IPv4             496276      0t0    TCP jp-n01.internal.cloudapp.net:54092->a104-71-141-50.deploy.static.akamaitechnologies.com:https (ESTABLISHED)
tuic-serv 11653 root 1266u     IPv4             506923      0t0    TCP jp-n01.internal.cloudapp.net:47366->a104-71-141-50.deploy.static.akamaitechnologies.com:https (ESTABLISHED)
tuic-serv 11653 root 1267u     IPv4             545800      0t0    TCP jp-n01.internal.cloudapp.net:54350->a23-32-13-159.deploy.static.akamaitechnologies.com:https (ESTABLISHED)
tuic-serv 11653 root 1268u     IPv4             509619      0t0    TCP jp-n01.internal.cloudapp.net:44086->a104-71-141-50.deploy.static.akamaitechnologies.com:https (ESTABLISHED)
tuic-serv 11653 root 1269u     IPv4             495786      0t0    TCP jp-n01.internal.cloudapp.net:43386->a104-71-141-50.deploy.static.akamaitechnologies.com:https (ESTABLISHED)
tuic-serv 11653 root 1270u     IPv4             500068      0t0    TCP jp-n01.internal.cloudapp.net:55510->a104-71-141-50.deploy.static.akamaitechnologies.com:https (ESTABLISHED)
tuic-serv 11653 root 1271u     IPv4             518936      0t0    TCP jp-n01.internal.cloudapp.net:57794->a104-71-141-50.deploy.static.akamaitechnologies.com:https (ESTABLISHED)
tuic-serv 11653 root 1272u     IPv4             496840      0t0    TCP jp-n01.internal.cloudapp.net:34514->a104-71-141-50.deploy.static.akamaitechnologies.com:https (ESTABLISHED)
tuic-serv 11653 root 1273u     IPv4             495926      0t0    TCP jp-n01.internal.cloudapp.net:60284->a104-71-141-50.deploy.static.akamaitechnologies.com:https (ESTABLISHED)
tuic-serv 11653 root 1274u     IPv4             498416      0t0    TCP jp-n01.internal.cloudapp.net:34988->a104-71-141-50.deploy.static.akamaitechnologies.com:https (ESTABLISHED)
tuic-serv 11653 root 1275u     IPv4             507099      0t0    TCP jp-n01.internal.cloudapp.net:37266->a104-71-141-50.deploy.static.akamaitechnologies.com:https (ESTABLISHED)
tuic-serv 11653 root 1276u     IPv4             509703      0t0    TCP jp-n01.internal.cloudapp.net:57416->a104-71-141-50.deploy.static.akamaitechnologies.com:https (ESTABLISHED)
tuic-serv 11653 root 1277u     IPv4             496313      0t0    TCP jp-n01.internal.cloudapp.net:59946->a104-71-141-50.deploy.static.akamaitechnologies.com:https (ESTABLISHED)
tuic-serv 11653 root 1278u     IPv4             522625      0t0    TCP jp-n01.internal.cloudapp.net:54730->a104-71-141-50.deploy.static.akamaitechnologies.com:https (ESTABLISHED)
tuic-serv 11653 root 1279u     IPv4             502117      0t0    TCP jp-n01.internal.cloudapp.net:39938->a104-71-141-50.deploy.static.akamaitechnologies.com:https (ESTABLISHED)
tuic-serv 11653 root 1280u     IPv4             511772      0t0    TCP jp-n01.internal.cloudapp.net:48502->a104-71-141-50.deploy.static.akamaitechnologies.com:https (ESTABLISHED)
tuic-serv 11653 root 1281u     IPv4             497424      0t0    TCP jp-n01.internal.cloudapp.net:38450->a104-71-141-50.deploy.static.akamaitechnologies.com:https (ESTABLISHED)
tuic-serv 11653 root 1282u     IPv4             496544      0t0    TCP jp-n01.internal.cloudapp.net:38674->a104-71-141-50.deploy.static.akamaitechnologies.com:https (ESTABLISHED)
tuic-serv 11653 root 1283u     IPv4             497563      0t0    TCP jp-n01.internal.cloudapp.net:56958->a104-71-141-50.deploy.static.akamaitechnologies.com:https (ESTABLISHED)
tuic-serv 11653 root 1284u     IPv4             500609      0t0    TCP jp-n01.internal.cloudapp.net:34838->a104-71-141-50.deploy.static.akamaitechnologies.com:https (ESTABLISHED)
tuic-serv 11653 root 1285u     IPv4             505963      0t0    TCP jp-n01.internal.cloudapp.net:56972->a104-71-141-50.deploy.static.akamaitechnologies.com:https (ESTABLISHED)
tuic-serv 11653 root 1286u     IPv4             507770      0t0    TCP jp-n01.internal.cloudapp.net:38724->a104-71-141-50.deploy.static.akamaitechnologies.com:https (ESTABLISHED)
tuic-serv 11653 root 1287u     IPv4             502468      0t0    TCP jp-n01.internal.cloudapp.net:44008->a104-71-141-50.deploy.static.akamaitechnologies.com:https (ESTABLISHED)
tuic-serv 11653 root 1288u     IPv4             497352      0t0    TCP jp-n01.internal.cloudapp.net:44774->a104-71-141-50.deploy.static.akamaitechnologies.com:https (ESTABLISHED)
tuic-serv 11653 root 1289u     IPv4             499107      0t0    TCP jp-n01.internal.cloudapp.net:47158->a104-71-141-50.deploy.static.akamaitechnologies.com:https (ESTABLISHED)
tuic-serv 11653 root 1290u     IPv4             499767      0t0    TCP jp-n01.internal.cloudapp.net:44004->a104-71-141-50.deploy.static.akamaitechnologies.com:https (ESTABLISHED)
tuic-serv 11653 root 1291u     IPv4             506218      0t0    TCP jp-n01.internal.cloudapp.net:37374->a104-71-141-50.deploy.static.akamaitechnologies.com:https (ESTABLISHED)
tuic-serv 11653 root 1292u     IPv4             505981      0t0    TCP jp-n01.internal.cloudapp.net:52452->a104-71-141-50.deploy.static.akamaitechnologies.com:https (ESTABLISHED)
tuic-serv 11653 root 1293u     IPv4             513026      0t0    TCP jp-n01.internal.cloudapp.net:57766->a104-71-141-50.deploy.static.akamaitechnologies.com:https (ESTABLISHED)
tuic-serv 11653 root 1294u     IPv4             499451      0t0    TCP jp-n01.internal.cloudapp.net:47908->a104-71-141-50.deploy.static.akamaitechnologies.com:https (ESTABLISHED)
tuic-serv 11653 root 1295u     IPv4             519032      0t0    TCP jp-n01.internal.cloudapp.net:52570->a104-71-141-50.deploy.static.akamaitechnologies.com:https (ESTABLISHED)
tuic-serv 11653 root 1296u     IPv4             506306      0t0    TCP jp-n01.internal.cloudapp.net:53396->a104-71-141-50.deploy.static.akamaitechnologies.com:https (ESTABLISHED)
tuic-serv 11653 root 1297u     IPv4             506979      0t0    TCP jp-n01.internal.cloudapp.net:54242->a104-71-141-50.deploy.static.akamaitechnologies.com:https (ESTABLISHED)
tuic-serv 11653 root 1298u     IPv4             506753      0t0    TCP jp-n01.internal.cloudapp.net:46544->a104-71-141-50.deploy.static.akamaitechnologies.com:https (ESTABLISHED)
tuic-serv 11653 root 1299u     IPv4             507145      0t0    TCP jp-n01.internal.cloudapp.net:33446->a104-71-141-50.deploy.static.akamaitechnologies.com:https (ESTABLISHED)
tuic-serv 11653 root 1300u     IPv4             514772      0t0    TCP jp-n01.internal.cloudapp.net:43114->a104-71-141-50.deploy.static.akamaitechnologies.com:https (ESTABLISHED)
tuic-serv 11653 root 1301u     IPv4             506940      0t0    TCP jp-n01.internal.cloudapp.net:42452->a104-71-141-50.deploy.static.akamaitechnologies.com:https (ESTABLISHED)
tuic-serv 11653 root 1302u     IPv4             506254      0t0    TCP jp-n01.internal.cloudapp.net:54410->a104-71-141-50.deploy.static.akamaitechnologies.com:https (ESTABLISHED)
tuic-serv 11653 root 1303u     IPv4             509139      0t0    TCP jp-n01.internal.cloudapp.net:49108->a104-71-141-50.deploy.static.akamaitechnologies.com:https (ESTABLISHED)
tuic-serv 11653 root 1304u     IPv4             506377      0t0    TCP jp-n01.internal.cloudapp.net:50042->a104-71-141-50.deploy.static.akamaitechnologies.com:https (ESTABLISHED)
tuic-serv 11653 root 1305u     IPv4             507546      0t0    TCP jp-n01.internal.cloudapp.net:47212->a104-71-141-50.deploy.static.akamaitechnologies.com:https (ESTABLISHED)
tuic-serv 11653 root 1306u     IPv4             508496      0t0    TCP jp-n01.internal.cloudapp.net:34050->a104-71-141-50.deploy.static.akamaitechnologies.com:https (ESTABLISHED)
tuic-serv 11653 root 1307u     IPv4             506676      0t0    TCP jp-n01.internal.cloudapp.net:40428->a104-71-141-50.deploy.static.akamaitechnologies.com:https (ESTABLISHED)
tuic-serv 11653 root 1308u     IPv4             508939      0t0    TCP jp-n01.internal.cloudapp.net:56828->a104-71-141-50.deploy.static.akamaitechnologies.com:https (ESTABLISHED)
tuic-serv 11653 root 1309u     IPv4             507802      0t0    TCP jp-n01.internal.cloudapp.net:41966->a104-71-141-50.deploy.static.akamaitechnologies.com:https (ESTABLISHED)
tuic-serv 11653 root 1310u     IPv4             514281      0t0    TCP jp-n01.internal.cloudapp.net:44582->a104-71-141-50.deploy.static.akamaitechnologies.com:https (ESTABLISHED)
tuic-serv 11653 root 1311u     IPv4             507873      0t0    TCP jp-n01.internal.cloudapp.net:43618->a104-71-141-50.deploy.static.akamaitechnologies.com:https (ESTABLISHED)
tuic-serv 11653 root 1312u     IPv4             511534      0t0    TCP jp-n01.internal.cloudapp.net:57694->a104-71-141-50.deploy.static.akamaitechnologies.com:https (ESTABLISHED)
tuic-serv 11653 root 1313u     IPv4             520211      0t0    TCP jp-n01.internal.cloudapp.net:57440->a23-32-13-159.deploy.static.akamaitechnologies.com:https (ESTABLISHED)
tuic-serv 11653 root 1314u     IPv4             510173      0t0    TCP jp-n01.internal.cloudapp.net:36696->a104-71-141-50.deploy.static.akamaitechnologies.com:https (ESTABLISHED)
tuic-serv 11653 root 1315u     IPv4             517349      0t0    TCP jp-n01.internal.cloudapp.net:34874->a104-71-141-50.deploy.static.akamaitechnologies.com:https (ESTABLISHED)
tuic-serv 11653 root 1316u     IPv4             517756      0t0    TCP jp-n01.internal.cloudapp.net:42720->a104-71-141-50.deploy.static.akamaitechnologies.com:https (ESTABLISHED)
tuic-serv 11653 root 1317u     IPv4             508318      0t0    TCP jp-n01.internal.cloudapp.net:33002->a104-71-141-50.deploy.static.akamaitechnologies.com:https (ESTABLISHED)
tuic-serv 11653 root 1318u     IPv4             520360      0t0    TCP jp-n01.internal.cloudapp.net:54708->a23-32-13-159.deploy.static.akamaitechnologies.com:https (ESTABLISHED)
tuic-serv 11653 root 1319u     IPv4             512217      0t0    TCP jp-n01.internal.cloudapp.net:51262->a104-71-141-50.deploy.static.akamaitechnologies.com:https (ESTABLISHED)
tuic-serv 11653 root 1320u     IPv4             510037      0t0    TCP jp-n01.internal.cloudapp.net:44990->a104-71-141-50.deploy.static.akamaitechnologies.com:https (ESTABLISHED)
tuic-serv 11653 root 1321u     IPv4             511076      0t0    TCP jp-n01.internal.cloudapp.net:39880->a104-71-141-50.deploy.static.akamaitechnologies.com:https (ESTABLISHED)
tuic-serv 11653 root 1322u     IPv4             507386      0t0    TCP jp-n01.internal.cloudapp.net:38884->a104-71-141-50.deploy.static.akamaitechnologies.com:https (ESTABLISHED)
tuic-serv 11653 root 1323u     IPv4             509592      0t0    TCP jp-n01.internal.cloudapp.net:60008->a104-71-141-50.deploy.static.akamaitechnologies.com:https (ESTABLISHED)
tuic-serv 11653 root 1324u     IPv4             525499      0t0    TCP jp-n01.internal.cloudapp.net:49888->a23-32-13-159.deploy.static.akamaitechnologies.com:https (ESTABLISHED)
tuic-serv 11653 root 1325u     IPv4             516907      0t0    TCP jp-n01.internal.cloudapp.net:36842->a104-71-141-50.deploy.static.akamaitechnologies.com:https (ESTABLISHED)
tuic-serv 11653 root 1326u     IPv4             518219      0t0    TCP jp-n01.internal.cloudapp.net:37336->a104-71-141-50.deploy.static.akamaitechnologies.com:https (ESTABLISHED)
tuic-serv 11653 root 1327u     IPv4             511097      0t0    TCP jp-n01.internal.cloudapp.net:57860->a104-71-141-50.deploy.static.akamaitechnologies.com:https (ESTABLISHED)
tuic-serv 11653 root 1328u     IPv4             508234      0t0    TCP jp-n01.internal.cloudapp.net:60648->a104-71-141-50.deploy.static.akamaitechnologies.com:https (ESTABLISHED)
tuic-serv 11653 root 1329u     IPv4             513749      0t0    TCP jp-n01.internal.cloudapp.net:56086->a104-71-141-50.deploy.static.akamaitechnologies.com:https (ESTABLISHED)
tuic-serv 11653 root 1330u     IPv4             515131      0t0    TCP jp-n01.internal.cloudapp.net:49446->a104-71-141-50.deploy.static.akamaitechnologies.com:https (ESTABLISHED)
tuic-serv 11653 root 1331u     IPv4             509444      0t0    TCP jp-n01.internal.cloudapp.net:44036->a104-71-141-50.deploy.static.akamaitechnologies.com:https (ESTABLISHED)
tuic-serv 11653 root 1332u     IPv4             511282      0t0    TCP jp-n01.internal.cloudapp.net:39206->a104-71-141-50.deploy.static.akamaitechnologies.com:https (ESTABLISHED)
tuic-serv 11653 root 1333u     IPv4             511676      0t0    TCP jp-n01.internal.cloudapp.net:55142->a104-71-141-50.deploy.static.akamaitechnologies.com:https (ESTABLISHED)
tuic-serv 11653 root 1334u     IPv4             508559      0t0    TCP jp-n01.internal.cloudapp.net:56256->a104-71-141-50.deploy.static.akamaitechnologies.com:https (ESTABLISHED)
tuic-serv 11653 root 1335u     IPv4             514310      0t0    TCP jp-n01.internal.cloudapp.net:45070->a104-71-141-50.deploy.static.akamaitechnologies.com:https (ESTABLISHED)
tuic-serv 11653 root 1336u     IPv4             511619      0t0    TCP jp-n01.internal.cloudapp.net:50648->a104-71-141-50.deploy.static.akamaitechnologies.com:https (ESTABLISHED)
tuic-serv 11653 root 1337u     IPv4             511809      0t0    TCP jp-n01.internal.cloudapp.net:51692->a104-71-141-50.deploy.static.akamaitechnologies.com:https (ESTABLISHED)
tuic-serv 11653 root 1338u     IPv4             512323      0t0    TCP jp-n01.internal.cloudapp.net:43134->a104-71-141-50.deploy.static.akamaitechnologies.com:https (ESTABLISHED)
tuic-serv 11653 root 1339u     IPv4             512337      0t0    TCP jp-n01.internal.cloudapp.net:53928->a104-71-141-50.deploy.static.akamaitechnologies.com:https (ESTABLISHED)
tuic-serv 11653 root 1340u     IPv4             519212      0t0    TCP jp-n01.internal.cloudapp.net:59880->a104-71-141-50.deploy.static.akamaitechnologies.com:https (ESTABLISHED)
tuic-serv 11653 root 1341u     IPv4             515772      0t0    TCP jp-n01.internal.cloudapp.net:36502->a104-71-141-50.deploy.static.akamaitechnologies.com:https (ESTABLISHED)
tuic-serv 11653 root 1342u     IPv4             528688      0t0    TCP jp-n01.internal.cloudapp.net:57958->a23-32-13-159.deploy.static.akamaitechnologies.com:https (ESTABLISHED)
tuic-serv 11653 root 1343u     IPv4             516037      0t0    TCP jp-n01.internal.cloudapp.net:46772->a104-71-141-50.deploy.static.akamaitechnologies.com:https (ESTABLISHED)
tuic-serv 11653 root 1344u     IPv4             550070      0t0    TCP jp-n01.internal.cloudapp.net:51534->a23-32-13-159.deploy.static.akamaitechnologies.com:https (ESTABLISHED)
tuic-serv 11653 root 1345u     IPv4             512678      0t0    TCP jp-n01.internal.cloudapp.net:52802->a104-71-141-50.deploy.static.akamaitechnologies.com:https (ESTABLISHED)
tuic-serv 11653 root 1346u     IPv4             516285      0t0    TCP jp-n01.internal.cloudapp.net:44798->a104-71-141-50.deploy.static.akamaitechnologies.com:https (ESTABLISHED)
tuic-serv 11653 root 1347u     IPv4             523665      0t0    TCP jp-n01.internal.cloudapp.net:35148->a104-71-141-50.deploy.static.akamaitechnologies.com:https (ESTABLISHED)
tuic-serv 11653 root 1348u     IPv4             520602      0t0    TCP jp-n01.internal.cloudapp.net:36838->a23-32-13-159.deploy.static.akamaitechnologies.com:https (ESTABLISHED)
tuic-serv 11653 root 1349u     IPv4             513928      0t0    TCP jp-n01.internal.cloudapp.net:37290->a104-71-141-50.deploy.static.akamaitechnologies.com:https (ESTABLISHED)
tuic-serv 11653 root 1350u     IPv4             514717      0t0    TCP jp-n01.internal.cloudapp.net:34522->a104-71-141-50.deploy.static.akamaitechnologies.com:https (ESTABLISHED)
tuic-serv 11653 root 1351u     IPv4             517127      0t0    TCP jp-n01.internal.cloudapp.net:55978->a104-71-141-50.deploy.static.akamaitechnologies.com:https (ESTABLISHED)
tuic-serv 11653 root 1352u     IPv4             516095      0t0    TCP jp-n01.internal.cloudapp.net:50476->a104-71-141-50.deploy.static.akamaitechnologies.com:https (ESTABLISHED)
tuic-serv 11653 root 1353u     IPv4             516412      0t0    TCP jp-n01.internal.cloudapp.net:46948->a104-71-141-50.deploy.static.akamaitechnologies.com:https (ESTABLISHED)
tuic-serv 11653 root 1354u     IPv4             520609      0t0    TCP jp-n01.internal.cloudapp.net:36854->a23-32-13-159.deploy.static.akamaitechnologies.com:https (ESTABLISHED)
tuic-serv 11653 root 1355u     IPv4             515491      0t0    TCP jp-n01.internal.cloudapp.net:44188->a104-71-141-50.deploy.static.akamaitechnologies.com:https (ESTABLISHED)
tuic-serv 11653 root 1356u     IPv4             528084      0t0    TCP jp-n01.internal.cloudapp.net:45728->a23-32-13-159.deploy.static.akamaitechnologies.com:https (ESTABLISHED)
tuic-serv 11653 root 1357u     IPv4             525653      0t0    TCP jp-n01.internal.cloudapp.net:38822->a23-32-13-159.deploy.static.akamaitechnologies.com:https (ESTABLISHED)
tuic-serv 11653 root 1358u     IPv4             524103      0t0    TCP jp-n01.internal.cloudapp.net:42438->a23-32-13-159.deploy.static.akamaitechnologies.com:https (ESTABLISHED)
tuic-serv 11653 root 1359u     IPv4             516541      0t0    TCP jp-n01.internal.cloudapp.net:48450->a104-71-141-50.deploy.static.akamaitechnologies.com:https (ESTABLISHED)
tuic-serv 11653 root 1360u     IPv4             518049      0t0    TCP jp-n01.internal.cloudapp.net:54552->a104-71-141-50.deploy.static.akamaitechnologies.com:https (ESTABLISHED)
tuic-serv 11653 root 1361u     IPv4             519039      0t0    TCP jp-n01.internal.cloudapp.net:52574->a104-71-141-50.deploy.static.akamaitechnologies.com:https (ESTABLISHED)
tuic-serv 11653 root 1362u     IPv4             516634      0t0    TCP jp-n01.internal.cloudapp.net:40496->a104-71-141-50.deploy.static.akamaitechnologies.com:https (ESTABLISHED)
tuic-serv 11653 root 1363u     IPv4             551226      0t0    TCP jp-n01.internal.cloudapp.net:32950->a23-32-13-159.deploy.static.akamaitechnologies.com:https (ESTABLISHED)
tuic-serv 11653 root 1364u     IPv4             517984      0t0    TCP jp-n01.internal.cloudapp.net:53226->a104-71-141-50.deploy.static.akamaitechnologies.com:https (ESTABLISHED)
tuic-serv 11653 root 1365u     IPv4             518036      0t0    TCP jp-n01.internal.cloudapp.net:58454->a104-71-141-50.deploy.static.akamaitechnologies.com:https (ESTABLISHED)
tuic-serv 11653 root 1366u     IPv4             519624      0t0    TCP jp-n01.internal.cloudapp.net:56516->a23-32-13-159.deploy.static.akamaitechnologies.com:https (ESTABLISHED)
tuic-serv 11653 root 1367u     IPv4             545757      0t0    TCP jp-n01.internal.cloudapp.net:37248->a23-32-13-159.deploy.static.akamaitechnologies.com:https (ESTABLISHED)
tuic-serv 11653 root 1368u     IPv6             545125      0t0    TCP JP-N01:34424->lcnrta-bk-in-x0a.1e100.net:https (ESTABLISHED)
tuic-serv 11653 root 1369u     IPv4             528333      0t0    TCP jp-n01.internal.cloudapp.net:32926->a23-32-13-159.deploy.static.akamaitechnologies.com:https (ESTABLISHED)
tuic-serv 11653 root 1370u     IPv4             524568      0t0    TCP jp-n01.internal.cloudapp.net:52940->a23-32-13-159.deploy.static.akamaitechnologies.com:https (ESTABLISHED)
tuic-serv 11653 root 1371u     IPv4             545175      0t0    TCP jp-n01.internal.cloudapp.net:54798->a23-32-13-159.deploy.static.akamaitechnologies.com:https (ESTABLISHED)
tuic-serv 11653 root 1372u     IPv4             519577      0t0    TCP jp-n01.internal.cloudapp.net:34124->a23-32-13-159.deploy.static.akamaitechnologies.com:https (ESTABLISHED)
tuic-serv 11653 root 1373u     IPv4             519672      0t0    TCP jp-n01.internal.cloudapp.net:46912->a23-32-13-159.deploy.static.akamaitechnologies.com:https (ESTABLISHED)
tuic-serv 11653 root 1374u     IPv4             519758      0t0    TCP jp-n01.internal.cloudapp.net:50256->a23-32-13-159.deploy.static.akamaitechnologies.com:https (ESTABLISHED)
tuic-serv 11653 root 1375u     IPv4             522036      0t0    TCP jp-n01.internal.cloudapp.net:50740->a23-32-13-159.deploy.static.akamaitechnologies.com:https (ESTABLISHED)
tuic-serv 11653 root 1376u     IPv4             520432      0t0    TCP jp-n01.internal.cloudapp.net:37354->a23-32-13-159.deploy.static.akamaitechnologies.com:https (ESTABLISHED)
tuic-serv 11653 root 1377u     IPv4             519906      0t0    TCP jp-n01.internal.cloudapp.net:43434->17.57.145.25:5223 (ESTABLISHED)
tuic-serv 11653 root 1378u     IPv4             520842      0t0    TCP jp-n01.internal.cloudapp.net:43392->a23-32-13-159.deploy.static.akamaitechnologies.com:https (ESTABLISHED)
tuic-serv 11653 root 1379u     IPv4             521190      0t0    TCP jp-n01.internal.cloudapp.net:38154->a23-47-146-16.deploy.static.akamaitechnologies.com:https (ESTABLISHED)
tuic-serv 11653 root 1380u     IPv4             526858      0t0    TCP jp-n01.internal.cloudapp.net:45962->a23-32-13-159.deploy.static.akamaitechnologies.com:https (ESTABLISHED)
tuic-serv 11653 root 1381u     IPv4             526683      0t0    TCP jp-n01.internal.cloudapp.net:59048->a23-32-13-159.deploy.static.akamaitechnologies.com:https (ESTABLISHED)
tuic-serv 11653 root 1382u     IPv4             522937      0t0    TCP jp-n01.internal.cloudapp.net:48394->a104-71-141-50.deploy.static.akamaitechnologies.com:https (ESTABLISHED)
tuic-serv 11653 root 1383u     IPv4             530554      0t0    TCP jp-n01.internal.cloudapp.net:48980->a104-71-141-50.deploy.static.akamaitechnologies.com:https (ESTABLISHED)
tuic-serv 11653 root 1384u     IPv4             526082      0t0    TCP jp-n01.internal.cloudapp.net:53358->a23-32-13-159.deploy.static.akamaitechnologies.com:https (ESTABLISHED)
tuic-serv 11653 root 1385u     IPv4             520194      0t0    TCP jp-n01.internal.cloudapp.net:44086->a23-32-13-159.deploy.static.akamaitechnologies.com:https (ESTABLISHED)
tuic-serv 11653 root 1386u     IPv4             524621      0t0    TCP jp-n01.internal.cloudapp.net:53588->a23-32-13-159.deploy.static.akamaitechnologies.com:https (ESTABLISHED)
tuic-serv 11653 root 1387u     IPv4             530910      0t0    TCP jp-n01.internal.cloudapp.net:57152->a104-71-141-50.deploy.static.akamaitechnologies.com:https (ESTABLISHED)
tuic-serv 11653 root 1388u     IPv4             520468      0t0    TCP jp-n01.internal.cloudapp.net:53724->a23-32-13-159.deploy.static.akamaitechnologies.com:https (ESTABLISHED)
tuic-serv 11653 root 1389u     IPv4             527753      0t0    TCP jp-n01.internal.cloudapp.net:38298->a23-32-13-159.deploy.static.akamaitechnologies.com:https (ESTABLISHED)
tuic-serv 11653 root 1390u     IPv4             533579      0t0    TCP jp-n01.internal.cloudapp.net:32826->a23-32-13-159.deploy.static.akamaitechnologies.com:https (ESTABLISHED)
tuic-serv 11653 root 1391u     IPv4             551552      0t0    TCP jp-n01.internal.cloudapp.net:44450->a23-32-13-159.deploy.static.akamaitechnologies.com:https (ESTABLISHED)
tuic-serv 11653 root 1392u     IPv4             524654      0t0    TCP jp-n01.internal.cloudapp.net:53590->a23-32-13-159.deploy.static.akamaitechnologies.com:https (ESTABLISHED)
tuic-serv 11653 root 1393u     IPv4             527806      0t0    TCP jp-n01.internal.cloudapp.net:36366->a23-32-13-159.deploy.static.akamaitechnologies.com:https (ESTABLISHED)
tuic-serv 11653 root 1394u     IPv4             543031      0t0    TCP jp-n01.internal.cloudapp.net:46640->a23-32-13-159.deploy.static.akamaitechnologies.com:https (ESTABLISHED)
tuic-serv 11653 root 1395u     IPv4             534430      0t0    TCP jp-n01.internal.cloudapp.net:54814->a23-32-13-159.deploy.static.akamaitechnologies.com:https (ESTABLISHED)
tuic-serv 11653 root 1396u     IPv4             527323      0t0    TCP jp-n01.internal.cloudapp.net:33172->a23-32-13-159.deploy.static.akamaitechnologies.com:https (ESTABLISHED)
tuic-serv 11653 root 1397u     IPv4             527821      0t0    TCP jp-n01.internal.cloudapp.net:44488->a23-32-13-159.deploy.static.akamaitechnologies.com:https (ESTABLISHED)
tuic-serv 11653 root 1398u     IPv4             524702      0t0    TCP jp-n01.internal.cloudapp.net:52514->a23-32-13-159.deploy.static.akamaitechnologies.com:https (ESTABLISHED)
tuic-serv 11653 root 1399u     IPv4             526976      0t0    TCP jp-n01.internal.cloudapp.net:49722->a23-32-13-159.deploy.static.akamaitechnologies.com:https (ESTABLISHED)
tuic-serv 11653 root 1400u     IPv4             536146      0t0    TCP jp-n01.internal.cloudapp.net:36716->a23-32-13-159.deploy.static.akamaitechnologies.com:https (ESTABLISHED)
tuic-serv 11653 root 1401u     IPv4             536960      0t0    TCP jp-n01.internal.cloudapp.net:50430->a23-32-13-159.deploy.static.akamaitechnologies.com:https (ESTABLISHED)
tuic-serv 11653 root 1402u     IPv4             525116      0t0    TCP jp-n01.internal.cloudapp.net:51512->a23-32-13-159.deploy.static.akamaitechnologies.com:https (ESTABLISHED)
tuic-serv 11653 root 1403u     IPv4             528266      0t0    TCP jp-n01.internal.cloudapp.net:54664->a23-32-13-159.deploy.static.akamaitechnologies.com:https (ESTABLISHED)
tuic-serv 11653 root 1404u     IPv4             533256      0t0    TCP jp-n01.internal.cloudapp.net:36540->a23-32-13-159.deploy.static.akamaitechnologies.com:https (ESTABLISHED)
tuic-serv 11653 root 1405u     IPv4             534814      0t0    TCP jp-n01.internal.cloudapp.net:47878->a23-32-13-159.deploy.static.akamaitechnologies.com:https (ESTABLISHED)
tuic-serv 11653 root 1406u     IPv4             527236      0t0    TCP jp-n01.internal.cloudapp.net:41558->a23-32-13-159.deploy.static.akamaitechnologies.com:https (ESTABLISHED)
tuic-serv 11653 root 1407u     IPv4             530955      0t0    TCP jp-n01.internal.cloudapp.net:34344->a104-71-141-50.deploy.static.akamaitechnologies.com:https (ESTABLISHED)
tuic-serv 11653 root 1408u     IPv4             531021      0t0    TCP jp-n01.internal.cloudapp.net:46150->a104-71-141-50.deploy.static.akamaitechnologies.com:https (ESTABLISHED)
tuic-serv 11653 root 1409u     IPv4             533487      0t0    TCP jp-n01.internal.cloudapp.net:60710->a23-32-13-159.deploy.static.akamaitechnologies.com:https (ESTABLISHED)
tuic-serv 11653 root 1410u     IPv4             527905      0t0    TCP jp-n01.internal.cloudapp.net:32824->a23-32-13-159.deploy.static.akamaitechnologies.com:https (ESTABLISHED)
tuic-serv 11653 root 1411u     IPv4             531178      0t0    TCP jp-n01.internal.cloudapp.net:52978->a104-71-141-50.deploy.static.akamaitechnologies.com:https (ESTABLISHED)
tuic-serv 11653 root 1412u     IPv4             531290      0t0    TCP jp-n01.internal.cloudapp.net:36766->a104-71-141-50.deploy.static.akamaitechnologies.com:https (ESTABLISHED)
tuic-serv 11653 root 1413u     IPv4             528179      0t0    TCP jp-n01.internal.cloudapp.net:43540->a23-32-13-159.deploy.static.akamaitechnologies.com:https (ESTABLISHED)
tuic-serv 11653 root 1414u     IPv4             531304      0t0    TCP jp-n01.internal.cloudapp.net:56488->a104-71-141-50.deploy.static.akamaitechnologies.com:https (ESTABLISHED)
tuic-serv 11653 root 1415u     IPv4             528484      0t0    TCP jp-n01.internal.cloudapp.net:51574->a23-32-13-159.deploy.static.akamaitechnologies.com:https (ESTABLISHED)
tuic-serv 11653 root 1416u     IPv4             531396      0t0    TCP jp-n01.internal.cloudapp.net:55224->a104-71-141-50.deploy.static.akamaitechnologies.com:https (ESTABLISHED)
tuic-serv 11653 root 1417u     IPv4             531434      0t0    TCP jp-n01.internal.cloudapp.net:57410->a104-71-141-50.deploy.static.akamaitechnologies.com:https (ESTABLISHED)
tuic-serv 11653 root 1418u     IPv4             531460      0t0    TCP jp-n01.internal.cloudapp.net:40944->a104-71-141-50.deploy.static.akamaitechnologies.com:https (ESTABLISHED)
tuic-serv 11653 root 1419u     IPv4             535100      0t0    TCP jp-n01.internal.cloudapp.net:38322->a23-32-13-159.deploy.static.akamaitechnologies.com:https (ESTABLISHED)
tuic-serv 11653 root 1420u     IPv4             542199      0t0    TCP jp-n01.internal.cloudapp.net:33224->a23-32-13-159.deploy.static.akamaitechnologies.com:https (ESTABLISHED)
tuic-serv 11653 root 1421u     IPv4             534787      0t0    TCP jp-n01.internal.cloudapp.net:57778->a23-32-13-159.deploy.static.akamaitechnologies.com:https (ESTABLISHED)
tuic-serv 11653 root 1422u     IPv4             542341      0t0    TCP jp-n01.internal.cloudapp.net:58122->a23-32-13-159.deploy.static.akamaitechnologies.com:https (ESTABLISHED)
tuic-serv 11653 root 1423u     IPv4             542378      0t0    TCP jp-n01.internal.cloudapp.net:51596->a23-32-13-159.deploy.static.akamaitechnologies.com:https (ESTABLISHED)
tuic-serv 11653 root 1424u     IPv4             533819      0t0    TCP jp-n01.internal.cloudapp.net:33348->a23-32-13-159.deploy.static.akamaitechnologies.com:https (ESTABLISHED)
tuic-serv 11653 root 1425u     IPv4             542174      0t0    TCP jp-n01.internal.cloudapp.net:50900->a23-32-13-159.deploy.static.akamaitechnologies.com:https (ESTABLISHED)
tuic-serv 11653 root 1426u     IPv4             533901      0t0    TCP jp-n01.internal.cloudapp.net:38054->a23-32-13-159.deploy.static.akamaitechnologies.com:https (ESTABLISHED)
tuic-serv 11653 root 1427u     IPv4             533919      0t0    TCP jp-n01.internal.cloudapp.net:54818->a23-32-13-159.deploy.static.akamaitechnologies.com:https (ESTABLISHED)
tuic-serv 11653 root 1428u     IPv4             534136      0t0    TCP jp-n01.internal.cloudapp.net:44534->a23-32-13-159.deploy.static.akamaitechnologies.com:https (ESTABLISHED)
tuic-serv 11653 root 1429u     IPv4             534171      0t0    TCP jp-n01.internal.cloudapp.net:56260->a23-32-13-159.deploy.static.akamaitechnologies.com:https (ESTABLISHED)
tuic-serv 11653 root 1430u     IPv4             543291      0t0    TCP jp-n01.internal.cloudapp.net:39036->a23-32-13-159.deploy.static.akamaitechnologies.com:https (ESTABLISHED)
tuic-serv 11653 root 1431u     IPv4             537653      0t0    TCP jp-n01.internal.cloudapp.net:40594->a23-32-13-159.deploy.static.akamaitechnologies.com:https (ESTABLISHED)
tuic-serv 11653 root 1432u     IPv4             551463      0t0    TCP jp-n01.internal.cloudapp.net:40538->a23-32-13-159.deploy.static.akamaitechnologies.com:https (ESTABLISHED)
tuic-serv 11653 root 1433u     IPv4             542581      0t0    TCP jp-n01.internal.cloudapp.net:48868->a23-32-13-159.deploy.static.akamaitechnologies.com:https (ESTABLISHED)
tuic-serv 11653 root 1434u     IPv4             543339      0t0    TCP jp-n01.internal.cloudapp.net:40102->a23-32-13-159.deploy.static.akamaitechnologies.com:https (ESTABLISHED)
tuic-serv 11653 root 1435u     IPv4             538429      0t0    TCP jp-n01.internal.cloudapp.net:57294->a23-32-13-159.deploy.static.akamaitechnologies.com:https (ESTABLISHED)
tuic-serv 11653 root 1436u     IPv6             538529      0t0    TCP JP-N01:45176->lcnrtb-am-in-x0a.1e100.net:https (ESTABLISHED)
tuic-serv 11653 root 1437u     IPv4             541914      0t0    TCP jp-n01.internal.cloudapp.net:48408->a23-32-13-159.deploy.static.akamaitechnologies.com:https (ESTABLISHED)
tuic-serv 11653 root 1438u     IPv4             541936      0t0    TCP jp-n01.internal.cloudapp.net:41302->a23-32-13-159.deploy.static.akamaitechnologies.com:https (ESTABLISHED)
tuic-serv 11653 root 1439u     IPv4             541943      0t0    TCP jp-n01.internal.cloudapp.net:60076->a23-32-13-159.deploy.static.akamaitechnologies.com:https (ESTABLISHED)
tuic-serv 11653 root 1440u     IPv4             541967      0t0    TCP jp-n01.internal.cloudapp.net:33798->a23-32-13-159.deploy.static.akamaitechnologies.com:https (ESTABLISHED)
tuic-serv 11653 root 1441u     IPv4             542567      0t0    TCP jp-n01.internal.cloudapp.net:52742->a23-32-13-159.deploy.static.akamaitechnologies.com:https (ESTABLISHED)
tuic-serv 11653 root 1442u     IPv4             545462      0t0    TCP jp-n01.internal.cloudapp.net:46300->a23-32-13-159.deploy.static.akamaitechnologies.com:https (ESTABLISHED)
tuic-serv 11653 root 1443u     IPv4             542784      0t0    TCP jp-n01.internal.cloudapp.net:41280->a23-32-13-159.deploy.static.akamaitechnologies.com:https (ESTABLISHED)
tuic-serv 11653 root 1444u     IPv4             542933      0t0    TCP jp-n01.internal.cloudapp.net:43342->a23-32-13-159.deploy.static.akamaitechnologies.com:https (ESTABLISHED)
tuic-serv 11653 root 1445u     IPv6             544875      0t0    TCP JP-N01:39624->lcnrta-ba-in-x0e.1e100.net:https (ESTABLISHED)
tuic-serv 11653 root 1446u     IPv4             543104      0t0    TCP jp-n01.internal.cloudapp.net:42456->a23-32-13-159.deploy.static.akamaitechnologies.com:https (ESTABLISHED)
tuic-serv 11653 root 1447u     IPv4             544524      0t0    TCP jp-n01.internal.cloudapp.net:36614->a23-32-13-159.deploy.static.akamaitechnologies.com:https (ESTABLISHED)
tuic-serv 11653 root 1448u     IPv4             543398      0t0    TCP jp-n01.internal.cloudapp.net:42646->a23-32-13-159.deploy.static.akamaitechnologies.com:https (ESTABLISHED)
tuic-serv 11653 root 1449u     IPv6             558190      0t0    TCP JP-N01:38082->lcnrta-bj-in-x0a.1e100.net:https (ESTABLISHED)
tuic-serv 11653 root 1450u     IPv4             543883      0t0    TCP jp-n01.internal.cloudapp.net:38974->a23-32-13-159.deploy.static.akamaitechnologies.com:https (ESTABLISHED)
tuic-serv 11653 root 1451u     IPv6             545162      0t0    TCP JP-N01:47876->lcnrtb-ao-in-x03.1e100.net:https (ESTABLISHED)
tuic-serv 11653 root 1452u     IPv4             545247      0t0    TCP jp-n01.internal.cloudapp.net:33580->a23-32-13-159.deploy.static.akamaitechnologies.com:https (ESTABLISHED)
tuic-serv 11653 root 1453u     IPv4             545378      0t0    TCP jp-n01.internal.cloudapp.net:35450->a23-32-13-159.deploy.static.akamaitechnologies.com:https (ESTABLISHED)
tuic-serv 11653 root 1454u     IPv4             544084      0t0    TCP jp-n01.internal.cloudapp.net:41804->a23-32-13-159.deploy.static.akamaitechnologies.com:https (ESTABLISHED)
tuic-serv 11653 root 1455u     IPv4             544127      0t0    TCP jp-n01.internal.cloudapp.net:51438->a23-32-13-159.deploy.static.akamaitechnologies.com:https (ESTABLISHED)
tuic-serv 11653 root 1456u     IPv4             548289      0t0    TCP jp-n01.internal.cloudapp.net:49644->a104-71-141-50.deploy.static.akamaitechnologies.com:https (ESTABLISHED)
tuic-serv 11653 root 1457u     IPv4             545551      0t0    TCP jp-n01.internal.cloudapp.net:35292->a23-32-13-159.deploy.static.akamaitechnologies.com:https (ESTABLISHED)
tuic-serv 11653 root 1458u     IPv4             544294      0t0    TCP jp-n01.internal.cloudapp.net:46810->a23-32-13-159.deploy.static.akamaitechnologies.com:https (ESTABLISHED)
tuic-serv 11653 root 1459u     IPv4             545619      0t0    TCP jp-n01.internal.cloudapp.net:44762->a23-32-13-159.deploy.static.akamaitechnologies.com:https (ESTABLISHED)
tuic-serv 11653 root 1460u     IPv4             551735      0t0    TCP jp-n01.internal.cloudapp.net:34162->a23-32-13-159.deploy.static.akamaitechnologies.com:https (ESTABLISHED)
tuic-serv 11653 root 1461u     IPv4             544311      0t0    TCP jp-n01.internal.cloudapp.net:46818->a23-32-13-159.deploy.static.akamaitechnologies.com:https (ESTABLISHED)
tuic-serv 11653 root 1462u     IPv4             544400      0t0    TCP jp-n01.internal.cloudapp.net:48464->a23-32-13-159.deploy.static.akamaitechnologies.com:https (ESTABLISHED)
tuic-serv 11653 root 1463u     IPv6             559201      0t0    TCP JP-N01:37666->lcnrtb-ah-in-x0a.1e100.net:https (ESTABLISHED)
tuic-serv 11653 root 1464u     IPv4             546100      0t0    TCP jp-n01.internal.cloudapp.net:41810->a23-32-13-159.deploy.static.akamaitechnologies.com:https (ESTABLISHED)
tuic-serv 11653 root 1465u     IPv4             546147      0t0    TCP jp-n01.internal.cloudapp.net:41074->a104-71-141-50.deploy.static.akamaitechnologies.com:https (ESTABLISHED)
tuic-serv 11653 root 1466u     IPv4             544894      0t0    TCP jp-n01.internal.cloudapp.net:38040->a23-32-13-159.deploy.static.akamaitechnologies.com:https (ESTABLISHED)
tuic-serv 11653 root 1467u     IPv4             547985      0t0    TCP jp-n01.internal.cloudapp.net:60018->a104-71-141-50.deploy.static.akamaitechnologies.com:https (ESTABLISHED)
tuic-serv 11653 root 1468u     IPv6             550171      0t0    TCP JP-N01:43508->lcnrta-bb-in-x0a.1e100.net:https (ESTABLISHED)
tuic-serv 11653 root 1469u     IPv4             557039      0t0    TCP jp-n01.internal.cloudapp.net:43734->a23-32-13-159.deploy.static.akamaitechnologies.com:https (ESTABLISHED)
tuic-serv 11653 root 1470u     IPv4             546220      0t0    TCP jp-n01.internal.cloudapp.net:40304->a104-71-141-50.deploy.static.akamaitechnologies.com:https (ESTABLISHED)
tuic-serv 11653 root 1471u     IPv4             546685      0t0    TCP jp-n01.internal.cloudapp.net:53204->a104-71-141-50.deploy.static.akamaitechnologies.com:https (ESTABLISHED)
tuic-serv 11653 root 1472u     IPv6             547046      0t0    TCP JP-N01:60130->lcnrtb-ao-in-x03.1e100.net:https (ESTABLISHED)
tuic-serv 11653 root 1473u     IPv4             550334      0t0    TCP jp-n01.internal.cloudapp.net:44470->a23-32-13-159.deploy.static.akamaitechnologies.com:https (ESTABLISHED)
tuic-serv 11653 root 1474u     IPv4             548623      0t0    TCP jp-n01.internal.cloudapp.net:59242->a104-71-141-50.deploy.static.akamaitechnologies.com:https (ESTABLISHED)
tuic-serv 11653 root 1475u     IPv4             549003      0t0    TCP jp-n01.internal.cloudapp.net:47704->a104-71-141-50.deploy.static.akamaitechnologies.com:https (ESTABLISHED)
tuic-serv 11653 root 1476u     IPv4             549048      0t0    TCP jp-n01.internal.cloudapp.net:58452->a104-71-141-50.deploy.static.akamaitechnologies.com:https (ESTABLISHED)
tuic-serv 11653 root 1477u     IPv4             549316      0t0    TCP jp-n01.internal.cloudapp.net:41704->a104-71-141-50.deploy.static.akamaitechnologies.com:https (ESTABLISHED)
tuic-serv 11653 root 1478u     IPv4             552672      0t0    TCP jp-n01.internal.cloudapp.net:51250->a23-32-13-159.deploy.static.akamaitechnologies.com:https (ESTABLISHED)
tuic-serv 11653 root 1479u     IPv4             552794      0t0    TCP jp-n01.internal.cloudapp.net:45368->a23-32-13-159.deploy.static.akamaitechnologies.com:https (ESTABLISHED)
tuic-serv 11653 root 1480u     IPv4             550487      0t0    TCP jp-n01.internal.cloudapp.net:53660->a23-32-13-159.deploy.static.akamaitechnologies.com:https (ESTABLISHED)
tuic-serv 11653 root 1481u     IPv4             550764      0t0    TCP jp-n01.internal.cloudapp.net:41254->a23-32-13-159.deploy.static.akamaitechnologies.com:https (ESTABLISHED)
tuic-serv 11653 root 1482u     IPv4             550930      0t0    TCP jp-n01.internal.cloudapp.net:43470->a23-32-13-159.deploy.static.akamaitechnologies.com:https (ESTABLISHED)
tuic-serv 11653 root 1483u     IPv4             552037      0t0    TCP jp-n01.internal.cloudapp.net:57188->a23-32-13-159.deploy.static.akamaitechnologies.com:https (ESTABLISHED)
tuic-serv 11653 root 1484u     IPv4             550969      0t0    TCP jp-n01.internal.cloudapp.net:39848->a23-32-13-159.deploy.static.akamaitechnologies.com:https (ESTABLISHED)
tuic-serv 11653 root 1485u     IPv4             551170      0t0    TCP jp-n01.internal.cloudapp.net:48234->a23-32-13-159.deploy.static.akamaitechnologies.com:https (ESTABLISHED)
tuic-serv 11653 root 1487u     IPv4             551278      0t0    TCP jp-n01.internal.cloudapp.net:53968->lb-140-82-114-25-iad.github.com:https (ESTABLISHED)
tuic-serv 11653 root 1488u     IPv4             551310      0t0    TCP jp-n01.internal.cloudapp.net:50094->a23-32-13-159.deploy.static.akamaitechnologies.com:https (ESTABLISHED)
tuic-serv 11653 root 1489u     IPv4             554983      0t0    TCP jp-n01.internal.cloudapp.net:54564->a23-32-13-159.deploy.static.akamaitechnologies.com:https (ESTABLISHED)
tuic-serv 11653 root 1490u     IPv4             551903      0t0    TCP jp-n01.internal.cloudapp.net:45036->a23-32-13-159.deploy.static.akamaitechnologies.com:https (ESTABLISHED)
tuic-serv 11653 root 1491u     IPv4             554423      0t0    TCP jp-n01.internal.cloudapp.net:36306->a23-32-13-159.deploy.static.akamaitechnologies.com:https (ESTABLISHED)
tuic-serv 11653 root 1492u     IPv4             553380      0t0    TCP jp-n01.internal.cloudapp.net:55126->a23-32-13-159.deploy.static.akamaitechnologies.com:https (ESTABLISHED)
tuic-serv 11653 root 1493u     IPv4             554751      0t0    TCP jp-n01.internal.cloudapp.net:55508->a23-32-13-159.deploy.static.akamaitechnologies.com:https (ESTABLISHED)
tuic-serv 11653 root 1494u     IPv4             553679      0t0    TCP jp-n01.internal.cloudapp.net:37456->a23-32-13-159.deploy.static.akamaitechnologies.com:https (ESTABLISHED)
tuic-serv 11653 root 1495u     IPv4             554778      0t0    TCP jp-n01.internal.cloudapp.net:41130->a23-32-13-159.deploy.static.akamaitechnologies.com:https (ESTABLISHED)
tuic-serv 11653 root 1496u     IPv4             553895      0t0    TCP jp-n01.internal.cloudapp.net:58584->a23-32-13-159.deploy.static.akamaitechnologies.com:https (ESTABLISHED)
tuic-serv 11653 root 1497u     IPv4             554215      0t0    TCP jp-n01.internal.cloudapp.net:47736->a23-32-13-159.deploy.static.akamaitechnologies.com:https (ESTABLISHED)
tuic-serv 11653 root 1498u     IPv4             554528      0t0    TCP jp-n01.internal.cloudapp.net:36722->a23-32-13-159.deploy.static.akamaitechnologies.com:https (ESTABLISHED)
tuic-serv 11653 root 1499u     IPv6             557170      0t0    TCP JP-N01:60768->lcnrtb-ag-in-x05.1e100.net:https (ESTABLISHED)
tuic-serv 11653 root 1500u     IPv4             555346      0t0    TCP jp-n01.internal.cloudapp.net:36892->a23-32-13-159.deploy.static.akamaitechnologies.com:https (ESTABLISHED)
tuic-serv 11653 root 1502u     IPv4             557421      0t0    TCP jp-n01.internal.cloudapp.net:43358->a23-32-13-159.deploy.static.akamaitechnologies.com:https (ESTABLISHED)
tuic-serv 11653 root 1504u     IPv4             557776      0t0    TCP jp-n01.internal.cloudapp.net:44040->a23-32-13-159.deploy.static.akamaitechnologies.com:https (ESTABLISHED)
tuic-serv 11653 root 1505u     IPv6             557938      0t0    TCP JP-N01:43808->lcnrta-ay-in-x0a.1e100.net:https (ESTABLISHED)
tuic-serv 11653 root 1506u     IPv4             557949      0t0    TCP jp-n01.internal.cloudapp.net:52828->a23-32-13-159.deploy.static.akamaitechnologies.com:https (ESTABLISHED)
tuic-serv 11653 root 1507u     IPv4             559169      0t0    TCP jp-n01.internal.cloudapp.net:58712->104.18.3.197:https (ESTABLISHED)
